time_step,fair_value,bid_price,ask_price,spread,order_type,trade_executed,trade_size,starting_inventory,ending_inventory,inventory,starting_cash,ending_cash,cash,pnl
1,100.27885359691577,99.27885359691577,101.27885359691577,2.0,buy,True,1,0,-1,-1,0.0,101.27885359691577,101.27885359691577,1.0
2,99.72527507321341,98.8252750732134,100.8252750732134,2.0,none,False,0,-1,-1,-1,101.27885359691577,101.27885359691577,101.27885359691577,1.553578523702356
3,100.07867404805923,99.17867404805922,101.17867404805922,2.0,none,False,0,-1,-1,-1,101.27885359691577,101.27885359691577,101.27885359691577,1.2001795488565392
4,99.25255171331806,98.35255171331805,100.35255171331805,2.0,buy,True,1,-1,-2,-2,101.27885359691577,201.63140531023382,201.63140531023382,3.126301883597705
5,98.68982766292527,97.88982766292527,99.88982766292527,2.0,buy,True,1,-2,-3,-3,201.63140531023382,301.5212329731591,301.5212329731591,5.451749984383298
6,98.08750296429857,97.38750296429856,99.38750296429856,2.0,sell,True,1,-3,-2,-2,301.5212329731591,204.13373000886054,204.13373000886054,7.9587240802634085
7,97.52838420837996,96.72838420837996,98.72838420837996,2.0,sell,True,1,-2,-1,-1,204.13373000886054,107.40534580048057,107.40534580048057,9.876961592100614
8,96.54138172773608,95.64138172773607,97.64138172773607,2.0,none,False,0,-1,-1,-1,107.40534580048057,107.40534580048057,107.40534580048057,10.863964072744494
9,96.93766051771253,96.03766051771252,98.03766051771252,2.0,buy,True,1,-1,-2,-2,107.40534580048057,205.4430063181931,205.4430063181931,11.567685282768053
10,97.8520866621261,97.0520866621261,99.0520866621261,2.0,buy,True,1,-2,-3,-3,205.4430063181931,304.4950929803192,304.4950929803192,10.938832993940935
11,97.04551941579302,96.34551941579302,98.34551941579302,2.0,none,False,0,-3,-3,-3,304.4950929803192,304.4950929803192,304.4950929803192,13.358534732940143
12,97.2529714785268,96.5529714785268,98.5529714785268,2.0,none,False,0,-3,-3,-3,304.4950929803192,304.4950929803192,304.4950929803192,12.736178544738777
13,97.71243505191444,97.01243505191444,99.01243505191444,2.0,sell,True,1,-3,-2,-2,304.4950929803192,207.48265792840476,207.48265792840476,12.057787824575882
14,97.46950380633115,96.66950380633115,98.66950380633115,2.0,sell,True,1,-2,-1,-1,207.48265792840476,110.81315412207361,110.81315412207361,13.343650315742465
15,97.70654331105963,96.80654331105963,98.80654331105963,2.0,none,False,0,-1,-1,-1,110.81315412207361,110.81315412207361,110.81315412207361,13.10661081101398
16,97.86124760157315,96.96124760157315,98.96124760157315,2.0,none,False,0,-1,-1,-1,110.81315412207361,110.81315412207361,110.81315412207361,12.951906520500458
17,96.95289636888448,96.05289636888448,98.05289636888448,2.0,buy,True,1,-1,-2,-2,110.81315412207361,208.8660504909581,208.8660504909581,14.960257753189126
18,96.11248032273174,95.31248032273174,97.31248032273174,2.0,buy,True,1,-2,-3,-3,208.8660504909581,306.1785308136898,306.1785308136898,17.841089845494594
19,95.66842752895192,94.96842752895192,96.96842752895192,2.0,buy,True,1,-3,-4,-4,306.1785308136898,403.1469583426417,403.1469583426417,20.473248226834016
20,95.40878946318568,94.80878946318569,96.80878946318569,2.0,buy,True,1,-4,-5,-5,403.1469583426417,499.9557478058274,499.9557478058274,22.91180048989895
21,96.28209863861068,95.78209863861068,97.78209863861068,2.0,sell,True,1,-5,-4,-4,499.9557478058274,404.1736491672167,404.1736491672167,19.045254612773988
22,95.62437593500687,95.02437593500687,97.02437593500687,2.0,none,False,0,-4,-4,-4,404.1736491672167,404.1736491672167,404.1736491672167,21.676145427189226
23,94.95118092253072,94.35118092253073,96.35118092253073,2.0,sell,True,1,-4,-3,-3,404.1736491672167,309.822468244686,309.822468244686,24.96892547709382
24,95.23118044223891,94.5311804422389,96.5311804422389,2.0,sell,True,1,-3,-2,-2,309.822468244686,215.29128780244707,215.29128780244707,24.828926917969255
25,95.91688428261853,95.11688428261853,97.11688428261853,2.0,none,False,0,-2,-2,-2,215.29128780244707,215.29128780244707,215.29128780244707,23.457519237210022
26,95.37498042654673,94.57498042654673,96.57498042654673,2.0,buy,True,1,-2,-3,-3,215.29128780244707,311.8662682289938,311.8662682289938,25.741326949353606
27,94.91046217849814,94.21046217849813,96.21046217849813,2.0,sell,True,1,-3,-2,-2,311.8662682289938,217.6558060504957,217.6558060504957,27.834881693499426
28,95.66319743144348,94.86319743144348,96.86319743144348,2.0,sell,True,1,-2,-1,-1,217.6558060504957,122.79260861905222,122.79260861905222,27.12941118760874
29,95.45446123356481,94.55446123356481,96.55446123356481,2.0,none,False,0,-1,-1,-1,122.79260861905222,122.79260861905222,122.79260861905222,27.338147385487403
30,95.37216493873962,94.47216493873961,96.47216493873961,2.0,buy,True,1,-1,-2,-2,122.79260861905222,219.26477355779184,219.26477355779184,28.52044368031261
31,95.49490120706592,94.69490120706593,96.69490120706593,2.0,sell,True,1,-2,-1,-1,219.26477355779184,124.56987235072592,124.56987235072592,29.074971143659994
32,96.29054697427088,95.39054697427088,97.39054697427088,2.0,buy,True,1,-1,-2,-2,124.56987235072592,221.9604193249968,221.9604193249968,29.37932537645503
33,97.2856221872611,96.4856221872611,98.4856221872611,2.0,buy,True,1,-2,-3,-3,221.9604193249968,320.4460415122579,320.4460415122579,28.589174950474614
34,96.37985493811057,95.67985493811057,97.67985493811057,2.0,sell,True,1,-3,-2,-2,320.4460415122579,224.76618657414735,224.76618657414735,32.00647669792622
35,96.9640136668365,96.1640136668365,98.1640136668365,2.0,buy,True,1,-2,-3,-3,224.76618657414735,322.9302002409838,322.9302002409838,32.03815924047433
36,96.72725223984956,96.02725223984956,98.02725223984956,2.0,none,False,0,-3,-3,-3,322.9302002409838,322.9302002409838,322.9302002409838,32.74844352143515
37,96.78548093004784,96.08548093004784,98.08548093004784,2.0,none,False,0,-3,-3,-3,322.9302002409838,322.9302002409838,322.9302002409838,32.573757450840276
38,97.50704033451683,96.80704033451683,98.80704033451683,2.0,sell,True,1,-3,-2,-2,322.9302002409838,226.12315990646698,226.12315990646698,31.10907923743332
39,97.87046107256998,97.07046107256998,99.07046107256998,2.0,buy,True,1,-2,-3,-3,226.12315990646698,325.19362097903695,325.19362097903695,31.582237761327008
40,98.1523846697296,97.4523846697296,99.4523846697296,2.0,buy,True,1,-3,-4,-4,325.19362097903695,424.64600564876656,424.64600564876656,32.03646696984816
41,98.05983208238801,97.45983208238802,99.45983208238802,2.0,none,False,0,-4,-4,-4,424.64600564876656,424.64600564876656,424.64600564876656,32.40667731921451
42,98.8115379631444,98.21153796314441,100.21153796314441,2.0,sell,True,1,-4,-3,-3,424.64600564876656,326.43446768562217,326.43446768562217,29.999853796188972
43,98.16884172420467,97.46884172420467,99.46884172420467,2.0,none,False,0,-3,-3,-3,326.43446768562217,326.43446768562217,326.43446768562217,31.927942513008134
44,98.9098788638782,98.2098788638782,100.2098788638782,2.0,sell,True,1,-3,-2,-2,326.43446768562217,228.22458882174396,228.22458882174396,30.404831093987553
45,99.12781928675454,98.32781928675455,100.32781928675455,2.0,sell,True,1,-2,-1,-1,228.22458882174396,129.8967695349894,129.8967695349894,30.76895024823486
46,99.2065773469938,98.30657734699379,100.30657734699379,2.0,none,False,0,-1,-1,-1,129.8967695349894,129.8967695349894,129.8967695349894,30.690192187995606
47,99.26728469138415,98.36728469138414,100.36728469138414,2.0,buy,True,1,-1,-2,-2,129.8967695349894,230.26405422637356,230.26405422637356,31.729484843605263
48,98.30623817615582,97.50623817615582,99.50623817615582,2.0,none,False,0,-2,-2,-2,230.26405422637356,230.26405422637356,230.26405422637356,33.65157787406193
49,99.06368193180218,98.26368193180218,100.26368193180218,2.0,none,False,0,-2,-2,-2,230.26405422637356,230.26405422637356,230.26405422637356,32.1366903627692
50,98.6787101826075,97.8787101826075,99.8787101826075,2.0,sell,True,1,-2,-1,-1,230.26405422637356,132.38534404376605,132.38534404376605,33.70663386115855
51,99.5726090732035,98.67260907320349,100.67260907320349,2.0,buy,True,1,-1,-2,-2,132.38534404376605,233.05795311696954,233.05795311696954,33.91273497056255
52,98.71103411014026,97.91103411014026,99.91103411014026,2.0,none,False,0,-2,-2,-2,233.05795311696954,233.05795311696954,233.05795311696954,35.63588489668902
53,99.24270296875423,98.44270296875423,100.44270296875423,2.0,buy,True,1,-2,-3,-3,233.05795311696954,333.5006560857238,333.5006560857238,35.77254717946107
54,99.34231015574412,98.64231015574411,100.64231015574411,2.0,sell,True,1,-3,-2,-2,333.5006560857238,234.8583459299797,234.8583459299797,36.17372561849146
55,99.18858603614589,98.3885860361459,100.3885860361459,2.0,sell,True,1,-2,-1,-1,234.8583459299797,136.46975989383378,136.46975989383378,37.28117385768789
56,99.64844817432585,98.74844817432584,100.74844817432584,2.0,buy,True,1,-1,-2,-2,136.46975989383378,237.21820806815964,237.21820806815964,37.92131171950794
57,100.63874688764764,99.83874688764764,101.83874688764764,2.0,buy,True,1,-2,-3,-3,237.21820806815964,339.05695495580727,339.05695495580727,37.140714292864345
58,100.67389856971883,99.97389856971883,101.97389856971883,2.0,buy,True,1,-3,-4,-4,339.05695495580727,441.0308535255261,441.0308535255261,38.335259246650764
59,100.35006969401374,99.75006969401375,101.75006969401375,2.0,buy,True,1,-4,-5,-5,441.0308535255261,542.7809232195398,542.7809232195398,41.03057474947104
60,99.79050446291686,99.29050446291686,101.29050446291686,2.0,sell,True,1,-5,-4,-4,542.7809232195398,443.49041875662294,443.49041875662294,44.328400904955515
61,99.24838803053916,98.64838803053917,100.64838803053917,2.0,none,False,0,-4,-4,-4,443.49041875662294,443.49041875662294,443.49041875662294,46.4968666344663
62,99.96765883104665,99.36765883104665,101.36765883104665,2.0,buy,True,1,-4,-5,-5,443.49041875662294,544.8580775876696,544.8580775876696,45.019783432436384
63,100.30561438763921,99.80561438763921,101.80561438763921,2.0,buy,True,1,-5,-6,-6,544.8580775876696,646.6636919753089,646.6636919753089,44.830005649473605
64,101.17664286880056,100.77664286880055,102.77664286880055,2.0,buy,True,1,-6,-7,-7,646.6636919753089,749.4403348441094,749.4403348441094,41.203834762505494
65,101.74588171738206,101.44588171738206,103.44588171738206,2.0,none,False,0,-7,-7,-7,749.4403348441094,749.4403348441094,749.4403348441094,37.21916282243501
66,101.12670154610582,100.82670154610582,102.82670154610582,2.0,buy,True,1,-7,-8,-8,749.4403348441094,852.2670363902153,852.2670363902153,43.25342402136869
67,100.97385879214566,100.77385879214566,102.77385879214566,2.0,sell,True,1,-8,-7,-7,852.2670363902153,751.4931775980696,751.4931775980696,44.67616605304988
68,101.32058788673227,101.02058788673227,103.02058788673227,2.0,none,False,0,-7,-7,-7,751.4931775980696,751.4931775980696,751.4931775980696,42.249062390943664
69,100.51742362903619,100.21742362903619,102.21742362903619,2.0,buy,True,1,-7,-8,-8,751.4931775980696,853.7106012271057,853.7106012271057,49.57121219481621
70,101.24076870174177,101.04076870174177,103.04076870174177,2.0,buy,True,1,-8,-9,-9,853.7106012271057,956.7513699288475,956.7513699288475,45.584451613171495
71,101.13799579740804,101.03799579740804,103.03799579740804,2.0,buy,True,1,-9,-10,-10,956.7513699288475,1059.7893657262555,1059.7893657262555,48.40940775217507
72,100.63760869317224,100.63760869317224,102.63760869317224,2.0,none,False,0,-10,-10,-10,1059.7893657262555,1059.7893657262555,1059.7893657262555,53.413278794533085
73,100.52387018327916,100.52387018327916,102.52387018327916,2.0,none,False,0,-10,-10,-10,1059.7893657262555,1059.7893657262555,1059.7893657262555,54.550663893463934
74,100.62452080817886,100.62452080817886,102.62452080817886,2.0,sell,True,1,-10,-9,-9,1059.7893657262555,959.1648449180766,959.1648449180766,53.54415764446685
75,101.29657597833877,101.19657597833877,103.19657597833877,2.0,none,False,0,-9,-9,-9,959.1648449180766,959.1648449180766,959.1648449180766,47.49566111302772
76,102.14930994435502,102.04930994435503,104.04930994435503,2.0,none,False,0,-9,-9,-9,959.1648449180766,959.1648449180766,959.1648449180766,39.821055418881315
77,101.48193216556285,101.38193216556286,103.38193216556286,2.0,buy,True,1,-9,-10,-10,959.1648449180766,1062.5467770836394,1062.5467770836394,47.7274554280109
78,101.28401275066176,101.28401275066176,103.28401275066176,2.0,buy,True,1,-10,-11,-11,1062.5467770836394,1165.8307898343012,1165.8307898343012,51.706649577021835
79,102.25463043822121,102.3546304382212,104.3546304382212,2.0,sell,True,1,-11,-10,-10,1165.8307898343012,1063.47615939608,1063.47615939608,40.92985501386784
80,102.16464717289949,102.16464717289949,104.16464717289949,2.0,sell,True,1,-10,-9,-9,1063.47615939608,961.3115122231804,961.3115122231804,41.829687667084954
81,103.15549255188492,103.05549255188492,105.05549255188492,2.0,sell,True,1,-9,-8,-8,961.3115122231804,858.2560196712955,858.2560196712955,33.01207925621611
82,102.46508620243304,102.26508620243304,104.26508620243304,2.0,sell,True,1,-8,-7,-7,858.2560196712955,755.9909334688624,755.9909334688624,38.735330051831056
83,102.62344678406555,102.32344678406555,104.32344678406555,2.0,sell,True,1,-7,-6,-6,755.9909334688624,653.6674866847968,653.6674866847968,37.926805980403515
84,101.73777732988052,101.33777732988051,103.33777732988051,2.0,sell,True,1,-6,-5,-5,653.6674866847968,552.3297093549163,552.3297093549163,43.640822705513756
85,102.44321711397708,101.94321711397708,103.94321711397708,2.0,sell,True,1,-5,-4,-4,552.3297093549163,450.3864922409392,450.3864922409392,40.61362378503088
86,101.60344004445825,101.00344004445826,103.00344004445826,2.0,sell,True,1,-4,-3,-3,450.3864922409392,349.38305219648095,349.38305219648095,44.57273206310617
87,101.95386515166643,101.25386515166643,103.25386515166643,2.0,buy,True,1,-3,-4,-4,349.38305219648095,452.6369173481474,452.6369173481474,44.821456741481654
88,102.73443977992531,102.13443977992532,104.13443977992532,2.0,sell,True,1,-4,-3,-3,452.6369173481474,350.50247756822205,350.50247756822205,42.29915822844612
89,102.97320280058952,102.27320280058952,104.27320280058952,2.0,sell,True,1,-3,-2,-2,350.50247756822205,248.22927476763255,248.22927476763255,42.28286916645351
90,103.01876823165344,102.21876823165344,104.21876823165344,2.0,none,False,0,-2,-2,-2,248.22927476763255,248.22927476763255,248.22927476763255,42.19173830432567
91,102.42728663050052,101.62728663050052,103.62728663050052,2.0,none,False,0,-2,-2,-2,248.22927476763255,248.22927476763255,248.22927476763255,43.37470150663151
92,101.90465853573221,101.10465853573221,103.10465853573221,2.0,sell,True,1,-2,-1,-1,248.22927476763255,147.12461623190035,147.12461623190035,45.21995769616814
93,101.50465269532974,100.60465269532973,102.60465269532973,2.0,sell,True,1,-1,0,0,147.12461623190035,46.519963536570614,46.519963536570614,46.519963536570614
94,100.64973892431605,99.64973892431605,101.64973892431605,2.0,sell,True,1,0,1,1,46.519963536570614,-53.12977538774544,-53.12977538774544,47.519963536570614
95,101.64193182002624,100.54193182002625,102.54193182002625,2.0,buy,True,1,1,0,0,-53.12977538774544,49.41215643228081,49.41215643228081,49.41215643228081
96,101.17233264952705,100.17233264952705,102.17233264952705,2.0,none,False,0,0,0,0,49.41215643228081,49.41215643228081,49.41215643228081,49.41215643228081
97,101.93406099689993,100.93406099689993,102.93406099689993,2.0,none,False,0,0,0,0,49.41215643228081,49.41215643228081,49.41215643228081,49.41215643228081
98,101.6731151743777,100.6731151743777,102.6731151743777,2.0,sell,True,1,0,1,1,49.41215643228081,-51.26095874209689,-51.26095874209689,50.41215643228081
99,102.08019502455244,100.98019502455244,102.98019502455244,2.0,sell,True,1,1,2,2,-51.26095874209689,-152.24115376664935,-152.24115376664935,51.91923628245553
100,102.38814765997391,101.18814765997391,103.18814765997391,2.0,sell,True,1,2,3,3,-152.24115376664935,-253.42930142662325,-253.42930142662325,53.73514155329846
101,101.98690516437387,100.68690516437387,102.68690516437387,2.0,sell,True,1,3,4,4,-253.42930142662325,-354.11620659099714,-354.11620659099714,53.831414066498326
102,101.2554873931606,99.8554873931606,101.8554873931606,2.0,buy,True,1,4,3,3,-354.11620659099714,-252.26071919783652,-252.26071919783652,51.50574298164531
103,101.36193467493024,100.06193467493024,102.06193467493024,2.0,sell,True,1,3,4,4,-252.26071919783652,-352.32265387276675,-352.32265387276675,53.12508482695421
104,101.79715904920783,100.39715904920783,102.39715904920783,2.0,sell,True,1,4,5,5,-352.32265387276675,-452.7198129219746,-452.7198129219746,56.26598232406457
105,101.32512685246866,99.82512685246866,101.82512685246866,2.0,sell,True,1,5,6,6,-452.7198129219746,-552.5449397744433,-552.5449397744433,55.405821340368675
106,102.01733427905836,100.41733427905837,102.41733427905837,2.0,buy,True,1,6,5,5,-552.5449397744433,-450.1276054953849,-450.1276054953849,59.959065899906875
107,101.57069472700286,100.07069472700286,102.07069472700286,2.0,sell,True,1,5,6,6,-450.1276054953849,-550.1983002223877,-550.1983002223877,59.22586813962937
108,101.84492148160562,100.24492148160563,102.24492148160563,2.0,sell,True,1,6,7,7,-550.1983002223877,-650.4432217039933,-650.4432217039933,62.47122866724601
109,101.94828232385841,100.2482823238584,102.2482823238584,2.0,buy,True,1,7,6,6,-650.4432217039933,-548.1949393801349,-548.1949393801349,63.49475456301559
110,101.09877004400595,99.49877004400595,101.49877004400595,2.0,none,False,0,6,6,6,-548.1949393801349,-548.1949393801349,-548.1949393801349,58.39768088390076
111,101.90662718712574,100.30662718712574,102.30662718712574,2.0,sell,True,1,6,7,7,-548.1949393801349,-648.5015665672606,-648.5015665672606,64.8448237426195
112,102.07164632010533,100.37164632010533,102.37164632010533,2.0,buy,True,1,7,6,6,-648.5015665672606,-546.1299202471553,-546.1299202471553,66.29995767347668
113,101.6881630199656,100.0881630199656,102.0881630199656,2.0,none,False,0,6,6,6,-546.1299202471553,-546.1299202471553,-546.1299202471553,63.99905787263833
114,102.28040762974169,100.6804076297417,102.6804076297417,2.0,none,False,0,6,6,6,-546.1299202471553,-546.1299202471553,-546.1299202471553,67.5525255312948
115,103.07825690279464,101.47825690279464,103.47825690279464,2.0,buy,True,1,6,5,5,-546.1299202471553,-442.6516633443606,-442.6516633443606,72.73962116961263
116,102.28384414613821,100.78384414613821,102.78384414613821,2.0,none,False,0,5,5,5,-442.6516633443606,-442.6516633443606,-442.6516633443606,68.76755738633045
117,103.05211354904023,101.55211354904023,103.55211354904023,2.0,sell,True,1,5,6,6,-442.6516633443606,-544.2037768934008,-544.2037768934008,74.10890440084063
118,102.36122022570464,100.76122022570465,102.76122022570465,2.0,none,False,0,6,6,6,-544.2037768934008,-544.2037768934008,-544.2037768934008,69.96354446082705
119,103.09043161814456,101.49043161814457,103.49043161814457,2.0,none,False,0,6,6,6,-544.2037768934008,-544.2037768934008,-544.2037768934008,74.33881281546655
120,103.71197505802536,102.11197505802537,104.11197505802537,2.0,none,False,0,6,6,6,-544.2037768934008,-544.2037768934008,-544.2037768934008,78.06807345475136
121,102.76154778182173,101.16154778182174,103.16154778182174,2.0,none,False,0,6,6,6,-544.2037768934008,-544.2037768934008,-544.2037768934008,72.36550979752963
122,102.4259187177146,100.8259187177146,102.8259187177146,2.0,none,False,0,6,6,6,-544.2037768934008,-544.2037768934008,-544.2037768934008,70.3517354128868
123,103.03038899558888,101.43038899558888,103.43038899558888,2.0,none,False,0,6,6,6,-544.2037768934008,-544.2037768934008,-544.2037768934008,73.97855708013253
124,103.65188762873765,102.05188762873766,104.05188762873766,2.0,sell,True,1,6,7,7,-544.2037768934008,-646.2556645221384,-646.2556645221384,79.30754887902515
125,102.86807888154357,101.16807888154356,103.16807888154356,2.0,none,False,0,7,7,7,-646.2556645221384,-646.2556645221384,-646.2556645221384,73.82088764866648
126,103.58526538421913,101.88526538421912,103.88526538421912,2.0,sell,True,1,7,8,8,-646.2556645221384,-748.1409299063575,-748.1409299063575,80.54119316739548
127,103.505871853577,101.70587185357701,103.70587185357701,2.0,sell,True,1,8,9,9,-748.1409299063575,-849.8468017599346,-849.8468017599346,81.70604492225846
128,102.96106282839254,101.06106282839254,103.06106282839254,2.0,buy,True,1,9,8,8,-849.8468017599346,-746.785738931542,-746.785738931542,76.90276369559831
129,102.61758673078795,100.81758673078795,102.81758673078795,2.0,none,False,0,8,8,8,-746.785738931542,-746.785738931542,-746.785738931542,74.15495491476156
130,103.55136493888467,101.75136493888468,103.75136493888468,2.0,sell,True,1,8,9,9,-746.785738931542,-848.5371038704267,-848.5371038704267,83.42518057953544
131,103.35072170760479,101.45072170760479,103.45072170760479,2.0,none,False,0,9,9,9,-848.5371038704267,-848.5371038704267,-848.5371038704267,81.6193914980164
132,103.42315317256224,101.52315317256223,103.52315317256223,2.0,none,False,0,9,9,9,-848.5371038704267,-848.5371038704267,-848.5371038704267,82.27127468263348
133,102.65383667626509,100.75383667626508,102.75383667626508,2.0,none,False,0,9,9,9,-848.5371038704267,-848.5371038704267,-848.5371038704267,75.3474262159591
134,102.01097230861001,100.11097230861,102.11097230861,2.0,none,False,0,9,9,9,-848.5371038704267,-848.5371038704267,-848.5371038704267,69.56164690706339
135,101.54190503365595,99.64190503365595,101.64190503365595,2.0,buy,True,1,9,8,8,-848.5371038704267,-746.8951988367708,-746.8951988367708,65.44004143247685
136,101.99899515496136,100.19899515496137,102.19899515496137,2.0,sell,True,1,8,9,9,-746.8951988367708,-847.0941939917321,-847.0941939917321,70.8967624029201
137,102.02184127430031,100.12184127430031,102.12184127430031,2.0,sell,True,1,9,10,10,-847.0941939917321,-947.2160352660325,-947.2160352660325,73.00237747697065
138,101.53128628657748,99.53128628657748,101.53128628657748,2.0,none,False,0,10,10,10,-947.2160352660325,-947.2160352660325,-947.2160352660325,68.09682759974237
139,100.53466884301474,98.53466884301474,100.53466884301474,2.0,none,False,0,10,10,10,-947.2160352660325,-947.2160352660325,-947.2160352660325,58.13065316411496
140,100.61157283720033,98.61157283720033,100.61157283720033,2.0,none,False,0,10,10,10,-947.2160352660325,-947.2160352660325,-947.2160352660325,58.89969310597087
141,101.09547299287928,99.09547299287928,101.09547299287928,2.0,buy,True,1,10,9,9,-947.2160352660325,-846.1205622731532,-846.1205622731532,63.738694662760395
142,100.2354206151319,98.3354206151319,100.3354206151319,2.0,buy,True,1,9,8,8,-846.1205622731532,-745.7851416580213,-745.7851416580213,56.0982232630339
143,99.86325190524862,98.06325190524862,100.06325190524862,2.0,none,False,0,8,8,8,-745.7851416580213,-745.7851416580213,-745.7851416580213,53.12087358396764
144,100.30276043127651,98.50276043127651,100.50276043127651,2.0,buy,True,1,8,7,7,-745.7851416580213,-645.2823812267447,-645.2823812267447,56.83694179219083
145,100.11954624851495,98.41954624851495,100.41954624851495,2.0,buy,True,1,7,6,6,-645.2823812267447,-544.8628349782298,-544.8628349782298,55.85444251285992
146,99.37412184663326,97.77412184663326,99.77412184663326,2.0,sell,True,1,6,7,7,-544.8628349782298,-642.6369568248631,-642.6369568248631,52.98189610156976
147,99.72875773717873,98.02875773717872,100.02875773717872,2.0,none,False,0,7,7,7,-642.6369568248631,-642.6369568248631,-642.6369568248631,55.46434733538797
148,99.95978756908148,98.25978756908148,100.25978756908148,2.0,sell,True,1,7,8,8,-642.6369568248631,-740.8967443939446,-740.8967443939446,58.7815561587073
149,98.96059944847606,97.16059944847606,99.16059944847606,2.0,buy,True,1,8,7,7,-740.8967443939446,-641.7361449454685,-641.7361449454685,50.98805119386395
150,99.12056901086743,97.42056901086742,99.42056901086742,2.0,buy,True,1,7,6,6,-641.7361449454685,-542.315575934601,-542.315575934601,52.40783813060352
151,99.00488860947704,97.40488860947704,99.40488860947704,2.0,buy,True,1,6,5,5,-542.315575934601,-442.910687325124,-442.910687325124,52.113755722261146
152,99.80725026113355,98.30725026113355,100.30725026113355,2.0,none,False,0,5,5,5,-442.910687325124,-442.910687325124,-442.910687325124,56.125563980543745
153,99.14663305352965,97.64663305352965,99.64663305352965,2.0,sell,True,1,5,6,6,-442.910687325124,-540.5573203786537,-540.5573203786537,54.3224779425243
154,99.41251476506125,97.81251476506125,99.81251476506125,2.0,sell,True,1,6,7,7,-540.5573203786537,-638.3698351437149,-638.3698351437149,57.517768211713815
155,99.91479104014272,98.21479104014271,100.21479104014271,2.0,buy,True,1,7,6,6,-638.3698351437149,-538.1550441035722,-538.1550441035722,61.333702137284035
156,99.31305090559587,97.71305090559588,99.71305090559588,2.0,buy,True,1,6,5,5,-538.1550441035722,-438.44199319797633,-438.44199319797633,58.12326133000306
157,99.26332359403348,97.76332359403348,99.76332359403348,2.0,none,False,0,5,5,5,-438.44199319797633,-438.44199319797633,-438.44199319797633,57.874624772191055
158,98.40898005240261,96.90898005240261,98.90898005240261,2.0,sell,True,1,5,6,6,-438.44199319797633,-535.350973250379,-535.350973250379,55.102907064036685
159,97.79785052588203,96.19785052588203,98.19785052588203,2.0,buy,True,1,6,5,5,-535.350973250379,-437.15312272449694,-437.15312272449694,51.83612990491321
160,97.28581940503891,95.78581940503891,97.78581940503891,2.0,buy,True,1,5,4,4,-437.15312272449694,-339.367303319458,-339.367303319458,49.77597430069761
161,97.78774835827585,96.38774835827584,98.38774835827584,2.0,none,False,0,4,4,4,-339.367303319458,-339.367303319458,-339.367303319458,51.78369011364538
162,97.00092295140293,95.60092295140292,97.60092295140292,2.0,buy,True,1,4,3,3,-339.367303319458,-241.76638036805508,-241.76638036805508,49.236388486153714
163,97.916855035962,96.616855035962,98.616855035962,2.0,buy,True,1,3,2,2,-241.76638036805508,-143.14952533209308,-143.14952533209308,52.684184739830926
164,97.41525159528194,96.21525159528194,98.21525159528194,2.0,none,False,0,2,2,2,-143.14952533209308,-143.14952533209308,-143.14952533209308,51.68097785847081
165,97.32817524622229,96.12817524622228,98.12817524622228,2.0,none,False,0,2,2,2,-143.14952533209308,-143.14952533209308,-143.14952533209308,51.5068251603515
166,97.66333071139499,96.46333071139499,98.46333071139499,2.0,none,False,0,2,2,2,-143.14952533209308,-143.14952533209308,-143.14952533209308,52.177136090696905
167,97.85423534833383,96.65423534833383,98.65423534833383,2.0,none,False,0,2,2,2,-143.14952533209308,-143.14952533209308,-143.14952533209308,52.55894536457458
168,98.6370871999547,97.4370871999547,99.4370871999547,2.0,sell,True,1,2,3,3,-143.14952533209308,-240.58661253204778,-240.58661253204778,55.32464906781635
169,98.64664352960351,97.34664352960351,99.34664352960351,2.0,none,False,0,3,3,3,-240.58661253204778,-240.58661253204778,-240.58661253204778,55.35331805676273
170,98.74238743082516,97.44238743082516,99.44238743082516,2.0,none,False,0,3,3,3,-240.58661253204778,-240.58661253204778,-240.58661253204778,55.64054976042772
171,99.22969831514433,97.92969831514434,99.92969831514434,2.0,buy,True,1,3,2,2,-240.58661253204778,-140.65691421690343,-140.65691421690343,57.802482413385235
172,98.72417779016365,97.52417779016365,99.52417779016365,2.0,sell,True,1,2,3,3,-140.65691421690343,-238.1810920070671,-238.1810920070671,57.99144136342386
173,98.76677741581962,97.46677741581962,99.46677741581962,2.0,buy,True,1,3,2,2,-238.1810920070671,-138.71431459124747,-138.71431459124747,58.819240240391764
174,97.92174412354909,96.72174412354909,98.72174412354909,2.0,buy,True,1,2,1,1,-138.71431459124747,-39.992570467698386,-39.992570467698386,57.929173655850704
175,97.56116326038662,96.46116326038663,98.46116326038663,2.0,buy,True,1,1,0,0,-39.992570467698386,58.46859279268824,58.46859279268824,58.46859279268824
176,97.023686219843,96.023686219843,98.023686219843,2.0,sell,True,1,0,1,1,58.46859279268824,-37.55509342715476,-37.55509342715476,59.46859279268824
177,96.15214392127076,95.05214392127077,97.05214392127077,2.0,sell,True,1,1,2,2,-37.55509342715476,-132.60723734842554,-132.60723734842554,59.697050494115985
178,95.98369238947707,94.78369238947707,96.78369238947707,2.0,buy,True,1,2,1,1,-132.60723734842554,-35.823544958948474,-35.823544958948474,60.160147430528596
179,96.79336934615742,95.69336934615743,97.69336934615743,2.0,sell,True,1,1,2,2,-35.823544958948474,-131.5169143051059,-131.5169143051059,62.06982438720894
180,97.50683341076528,96.30683341076528,98.30683341076528,2.0,none,False,0,2,2,2,-131.5169143051059,-131.5169143051059,-131.5169143051059,63.496752516424664
181,97.2675954686207,96.0675954686207,98.0675954686207,2.0,buy,True,1,2,1,1,-131.5169143051059,-33.449318836485205,-33.449318836485205,63.81827663213549
182,97.77454571873947,96.67454571873948,98.67454571873948,2.0,none,False,0,1,1,1,-33.449318836485205,-33.449318836485205,-33.449318836485205,64.32522688225427
183,98.68140639567969,97.58140639567969,99.58140639567969,2.0,sell,True,1,1,2,2,-33.449318836485205,-131.0307252321649,-131.0307252321649,66.33208755919446
184,98.77367101514737,97.57367101514737,99.57367101514737,2.0,buy,True,1,2,1,1,-131.0307252321649,-31.457054217017543,-31.457054217017543,67.31661679812983
185,98.21251428439024,97.11251428439024,99.11251428439024,2.0,buy,True,1,1,0,0,-31.457054217017543,67.6554600673727,67.6554600673727,67.6554600673727
186,97.884773371787,96.884773371787,98.884773371787,2.0,buy,True,1,0,-1,-1,67.6554600673727,166.5402334391597,166.5402334391597,68.65546006737269
187,97.21486283419402,96.31486283419402,98.31486283419402,2.0,buy,True,1,-1,-2,-2,166.5402334391597,264.8550962733537,264.8550962733537,70.42537060496565
188,97.45937675614215,96.65937675614215,98.65937675614215,2.0,buy,True,1,-2,-3,-3,264.8550962733537,363.51447302949583,363.51447302949583,71.13634276106939
189,97.5881607221917,96.8881607221917,98.8881607221917,2.0,sell,True,1,-3,-2,-2,363.51447302949583,266.62631230730415,266.62631230730415,71.44999086292074
190,96.85955969665284,96.05955969665284,98.05955969665284,2.0,buy,True,1,-2,-3,-3,266.62631230730415,364.685872003957,364.685872003957,74.10719291399846
191,96.61776742502911,95.91776742502911,97.91776742502911,2.0,buy,True,1,-3,-4,-4,364.685872003957,462.6036394289861,462.6036394289861,76.13256972886967
192,97.14022684081716,96.54022684081717,98.54022684081717,2.0,sell,True,1,-4,-3,-3,462.6036394289861,366.06341258816894,366.06341258816894,74.64273206571744
193,97.80407541112771,97.10407541112771,99.10407541112771,2.0,buy,True,1,-3,-4,-4,366.06341258816894,465.16748799929667,465.16748799929667,73.95118635478582
194,96.84284198522774,96.24284198522774,98.24284198522774,2.0,sell,True,1,-4,-3,-3,465.16748799929667,368.9246460140689,368.9246460140689,78.39612005838569
195,96.5427626726681,95.8427626726681,97.8427626726681,2.0,sell,True,1,-3,-2,-2,368.9246460140689,273.08188334140084,273.08188334140084,79.99635799606463
196,96.84627198315589,96.04627198315589,98.04627198315589,2.0,none,False,0,-2,-2,-2,273.08188334140084,273.08188334140084,273.08188334140084,79.38933937508907
197,97.74549544858786,96.94549544858786,98.94549544858786,2.0,buy,True,1,-2,-3,-3,273.08188334140084,372.0273787899887,372.0273787899887,78.79089244422511
198,97.05026014015743,96.35026014015743,98.35026014015743,2.0,sell,True,1,-3,-2,-2,372.0273787899887,275.67711864983124,275.67711864983124,81.57659836951638
199,97.17819930401747,96.37819930401747,98.37819930401747,2.0,sell,True,1,-2,-1,-1,275.67711864983124,179.29891934581377,179.29891934581377,82.1207200417963
200,97.71199550072996,96.81199550072995,98.81199550072995,2.0,sell,True,1,-1,0,0,179.29891934581377,82.48692384508382,82.48692384508382,82.48692384508382
201,98.20784680464052,97.20784680464052,99.20784680464052,2.0,sell,True,1,0,1,1,82.48692384508382,-14.720922959556702,-14.720922959556702,83.48692384508382
202,99.1372883507087,98.0372883507087,100.0372883507087,2.0,buy,True,1,1,0,0,-14.720922959556702,85.316365391152,85.316365391152,85.316365391152
203,98.7612028394981,97.7612028394981,99.7612028394981,2.0,sell,True,1,0,1,1,85.316365391152,-12.444837448346092,-12.444837448346092,86.316365391152
204,98.55451172253134,97.45451172253135,99.45451172253135,2.0,none,False,0,1,1,1,-12.444837448346092,-12.444837448346092,-12.444837448346092,86.10967427418525
205,97.70650467821747,96.60650467821748,98.60650467821748,2.0,sell,True,1,1,2,2,-12.444837448346092,-109.05134212656357,-109.05134212656357,86.36166722987137
206,96.91030728910943,95.71030728910942,97.71030728910942,2.0,none,False,0,2,2,2,-109.05134212656357,-109.05134212656357,-109.05134212656357,84.76927245165528
207,97.61089376728702,96.41089376728702,98.41089376728702,2.0,buy,True,1,2,1,1,-109.05134212656357,-10.640448359276547,-10.640448359276547,86.97044540801048
208,98.57858247031636,97.47858247031637,99.47858247031637,2.0,none,False,0,1,1,1,-10.640448359276547,-10.640448359276547,-10.640448359276547,87.93813411103982
209,98.27299000093326,97.17299000093327,99.17299000093327,2.0,buy,True,1,1,0,0,-10.640448359276547,88.53254164165672,88.53254164165672,88.53254164165672
210,98.28491158028741,97.28491158028741,99.28491158028741,2.0,sell,True,1,0,1,1,88.53254164165672,-8.752369938630693,-8.752369938630693,89.53254164165672
211,98.92957341646753,97.82957341646754,99.82957341646754,2.0,sell,True,1,1,2,2,-8.752369938630693,-106.58194335509823,-106.58194335509823,91.27720347783684
212,99.20074362867042,98.00074362867042,100.00074362867042,2.0,none,False,0,2,2,2,-106.58194335509823,-106.58194335509823,-106.58194335509823,91.81954390224261
213,99.61536091608258,98.41536091608258,100.41536091608258,2.0,sell,True,1,2,3,3,-106.58194335509823,-204.9973042711808,-204.9973042711808,93.84877847706693
214,100.54630837855873,99.24630837855874,101.24630837855874,2.0,sell,True,1,3,4,4,-204.9973042711808,-304.24361264973953,-304.24361264973953,97.9416208644954
215,100.62265419145524,99.22265419145523,101.22265419145523,2.0,buy,True,1,4,3,3,-304.24361264973953,-203.0209584582843,-203.0209584582843,98.84700411608142
216,101.08470662006549,99.78470662006549,101.78470662006549,2.0,sell,True,1,3,4,4,-203.0209584582843,-302.80566507834976,-302.80566507834976,101.5331614019122
217,101.7461686578467,100.34616865784669,102.34616865784669,2.0,sell,True,1,4,5,5,-302.80566507834976,-403.15183373619647,-403.15183373619647,105.579009553037
218,101.2338955362286,99.7338955362286,101.7338955362286,2.0,sell,True,1,5,6,6,-403.15183373619647,-502.88572927242507,-502.88572927242507,104.51764394494654
219,100.99187414448512,99.39187414448513,101.39187414448513,2.0,sell,True,1,6,7,7,-502.88572927242507,-602.2776034169102,-602.2776034169102,104.66551559448567
220,100.3555538588005,98.6555538588005,100.6555538588005,2.0,sell,True,1,7,8,8,-602.2776034169102,-700.9331572757108,-700.9331572757108,101.91127359469328
221,100.03623154512907,98.23623154512907,100.23623154512907,2.0,none,False,0,8,8,8,-700.9331572757108,-700.9331572757108,-700.9331572757108,99.3566950853218
222,100.43859904579347,98.63859904579347,100.63859904579347,2.0,buy,True,1,8,7,7,-700.9331572757108,-600.2945582299172,-600.2945582299172,102.77563509063702
223,101.33472420134753,99.63472420134752,101.63472420134752,2.0,sell,True,1,7,8,8,-600.2945582299172,-699.9292824312647,-699.9292824312647,110.7485111795155
224,101.3118798950451,99.5118798950451,101.5118798950451,2.0,none,False,0,8,8,8,-699.9292824312647,-699.9292824312647,-699.9292824312647,110.56575672909605
225,101.69309857393814,99.89309857393815,101.89309857393815,2.0,buy,True,1,8,7,7,-699.9292824312647,-598.0361838573266,-598.0361838573266,113.81550616024037
226,102.27896431020278,100.57896431020278,102.57896431020278,2.0,buy,True,1,7,6,6,-598.0361838573266,-495.4572195471238,-495.4572195471238,118.2165663140928
227,102.66253862079319,101.06253862079319,103.06253862079319,2.0,sell,True,1,6,7,7,-495.4572195471238,-596.519758167917,-596.519758167917,122.11801217763536
228,102.60905959831223,100.90905959831223,102.90905959831223,2.0,buy,True,1,7,6,6,-596.519758167917,-493.6106985696047,-493.6106985696047,122.04365902026865
229,103.10093047173945,101.50093047173945,103.50093047173945,2.0,sell,True,1,6,7,7,-493.6106985696047,-595.1116290413441,-595.1116290413441,126.59488426083192
230,102.64276332569185,100.94276332569184,102.94276332569184,2.0,buy,True,1,7,6,6,-595.1116290413441,-492.1688657156523,-492.1688657156523,123.68771423849881
231,102.02793191259488,100.42793191259489,102.42793191259489,2.0,sell,True,1,6,7,7,-492.1688657156523,-592.5967976282473,-592.5967976282473,121.59872575991687
232,102.55231113156309,100.85231113156308,102.85231113156308,2.0,buy,True,1,7,6,6,-592.5967976282473,-489.7444864966842,-489.7444864966842,125.56938029269429
233,102.5207083059885,100.92070830598851,102.92070830598851,2.0,none,False,0,6,6,6,-489.7444864966842,-489.7444864966842,-489.7444864966842,125.37976333924689
234,103.47392235175462,101.87392235175463,103.87392235175463,2.0,buy,True,1,6,5,5,-489.7444864966842,-385.8705641449296,-385.8705641449296,131.49904761384352
235,102.6749745679362,101.1749745679362,103.1749745679362,2.0,buy,True,1,5,4,4,-385.8705641449296,-282.69558957699337,-282.69558957699337,128.00430869475144
236,102.03385765530702,100.63385765530701,102.63385765530701,2.0,sell,True,1,4,5,5,-282.69558957699337,-383.32944723230037,-383.32944723230037,126.83984104423473
237,101.58248030887356,100.08248030887356,102.08248030887356,2.0,none,False,0,5,5,5,-383.32944723230037,-383.32944723230037,-383.32944723230037,124.58295431206739
238,101.68919824247077,100.18919824247077,102.18919824247077,2.0,buy,True,1,5,4,4,-383.32944723230037,-281.1402489898296,-281.1402489898296,125.61654398005345
239,102.42612063699666,101.02612063699665,103.02612063699665,2.0,sell,True,1,4,5,5,-281.1402489898296,-382.1663696268263,-382.1663696268263,129.96423355815705
240,102.57424907624932,101.07424907624932,103.07424907624932,2.0,buy,True,1,5,4,4,-382.1663696268263,-279.09212055057696,-279.09212055057696,131.2048757544203
241,101.94297641702948,100.54297641702948,102.54297641702948,2.0,sell,True,1,4,5,5,-279.09212055057696,-379.63509696760644,-379.63509696760644,130.079785117541
242,101.89843479156086,100.39843479156086,102.39843479156086,2.0,none,False,0,5,5,5,-379.63509696760644,-379.63509696760644,-379.63509696760644,129.85707699019787
243,101.69984967606474,100.19984967606474,102.19984967606474,2.0,sell,True,1,5,6,6,-379.63509696760644,-479.8349466436712,-479.8349466436712,130.36415141271732
244,100.8070678246498,99.20706782464981,101.20706782464981,2.0,sell,True,1,6,7,7,-479.8349466436712,-579.042014468321,-579.042014468321,126.60746030422763
245,100.41473884833427,98.71473884833426,100.71473884833426,2.0,none,False,0,7,7,7,-579.042014468321,-579.042014468321,-579.042014468321,123.86115747001884
246,99.65164197275719,97.95164197275719,99.95164197275719,2.0,none,False,0,7,7,7,-579.042014468321,-579.042014468321,-579.042014468321,118.51947934097939
247,99.86427727524311,98.16427727524311,100.16427727524311,2.0,none,False,0,7,7,7,-579.042014468321,-579.042014468321,-579.042014468321,120.00792645838078
248,99.31565154937319,97.61565154937318,99.61565154937318,2.0,buy,True,1,7,6,6,-579.042014468321,-479.4263629189478,-479.4263629189478,116.46754637729134
249,99.20109355741184,97.60109355741184,99.60109355741184,2.0,none,False,0,6,6,6,-479.4263629189478,-479.4263629189478,-479.4263629189478,115.78019842552328
250,100.18115607834544,98.58115607834544,100.58115607834544,2.0,sell,True,1,6,7,7,-479.4263629189478,-578.0075189972932,-578.0075189972932,123.26057355112482
251,100.4004179028357,98.7004179028357,100.7004179028357,2.0,none,False,0,7,7,7,-578.0075189972932,-578.0075189972932,-578.0075189972932,124.79540632255669
252,101.29559830348646,99.59559830348645,101.59559830348645,2.0,buy,True,1,7,6,6,-578.0075189972932,-476.4119206938068,-476.4119206938068,131.3616691271119
253,101.61645457787053,100.01645457787053,102.01645457787053,2.0,buy,True,1,6,5,5,-476.4119206938068,-374.39546611593624,-374.39546611593624,133.68680677341638
254,100.76658431567286,99.26658431567286,101.26658431567286,2.0,buy,True,1,5,4,4,-374.39546611593624,-273.1288818002634,-273.1288818002634,129.93745546242803
255,100.95420670591199,99.55420670591198,101.55420670591198,2.0,buy,True,1,4,3,3,-273.1288818002634,-171.57467509435142,-171.57467509435142,131.28794502338454
256,101.36811836567006,100.06811836567006,102.06811836567006,2.0,none,False,0,3,3,3,-171.57467509435142,-171.57467509435142,-171.57467509435142,132.52968000265875
257,101.27618101848414,99.97618101848414,101.97618101848414,2.0,sell,True,1,3,4,4,-171.57467509435142,-271.55085611283556,-271.55085611283556,133.553867961101
258,101.8518370717776,100.45183707177759,102.45183707177759,2.0,sell,True,1,4,5,5,-271.55085611283556,-372.0026931846131,-372.0026931846131,137.25649217427485
259,102.71917398866862,101.21917398866862,103.21917398866862,2.0,sell,True,1,5,6,6,-372.0026931846131,-473.22186717328174,-473.22186717328174,143.09317675872995
260,103.01444343547358,101.41444343547359,103.41444343547359,2.0,none,False,0,6,6,6,-473.22186717328174,-473.22186717328174,-473.22186717328174,144.86479343955972
261,103.6677057547737,102.06770575477371,104.06770575477371,2.0,buy,True,1,6,5,5,-473.22186717328174,-369.154161418508,-369.154161418508,149.18436735536056
262,103.28292938000217,101.78292938000217,103.78292938000217,2.0,none,False,0,5,5,5,-369.154161418508,-369.154161418508,-369.154161418508,147.26048548150288
263,103.42134347864035,101.92134347864035,103.92134347864035,2.0,buy,True,1,5,4,4,-369.154161418508,-265.2328179398677,-265.2328179398677,148.45255597469372
264,103.79869946106454,102.39869946106454,104.39869946106454,2.0,sell,True,1,4,5,5,-265.2328179398677,-367.63151740093224,-367.63151740093224,151.36197990439052
265,103.7996438153004,102.2996438153004,104.2996438153004,2.0,buy,True,1,5,4,4,-367.63151740093224,-263.33187358563185,-263.33187358563185,151.86670167556974
266,102.87936538366762,101.47936538366761,103.47936538366761,2.0,buy,True,1,4,3,3,-263.33187358563185,-159.85250820196424,-159.85250820196424,148.78558794903861
267,102.38010118849162,101.08010118849162,103.08010118849162,2.0,sell,True,1,3,4,4,-159.85250820196424,-260.93260939045587,-260.93260939045587,148.58779536351062
268,103.05201841630398,101.65201841630397,103.65201841630397,2.0,sell,True,1,4,5,5,-260.93260939045587,-362.58462780675984,-362.58462780675984,152.6754642747601
269,104.05116325005888,102.55116325005888,104.55116325005888,2.0,buy,True,1,5,4,4,-362.58462780675984,-258.03346455670095,-258.03346455670095,158.17118844353456
270,103.13162659634811,101.73162659634811,103.73162659634811,2.0,none,False,0,4,4,4,-258.03346455670095,-258.03346455670095,-258.03346455670095,154.4930418286915
271,103.07262824285138,101.67262824285137,103.67262824285137,2.0,sell,True,1,4,5,5,-258.03346455670095,-359.7060927995523,-359.7060927995523,155.65704841470455
272,102.43560653729763,100.93560653729763,102.93560653729763,2.0,sell,True,1,5,6,6,-359.7060927995523,-460.64169933684997,-460.64169933684997,153.9719398869358
273,102.41905814167966,100.81905814167966,102.81905814167966,2.0,buy,True,1,6,5,5,-460.64169933684997,-357.8226411951703,-357.8226411951703,154.27264951322792
274,102.08567492900984,100.58567492900984,102.58567492900984,2.0,sell,True,1,5,6,6,-357.8226411951703,-458.40831612418015,-458.40831612418015,154.10573344987893
275,101.74528225616777,100.14528225616777,102.14528225616777,2.0,buy,True,1,6,5,5,-458.40831612418015,-356.26303386801237,-356.26303386801237,152.4633774128265
276,102.6356693352942,101.1356693352942,103.1356693352942,2.0,none,False,0,5,5,5,-356.26303386801237,-356.26303386801237,-356.26303386801237,156.91531280845857
277,102.73586255323777,101.23586255323777,103.23586255323777,2.0,buy,True,1,5,4,4,-356.26303386801237,-253.0271713147746,-253.0271713147746,157.91627889817647
278,102.38241012578976,100.98241012578976,102.98241012578976,2.0,none,False,0,4,4,4,-253.0271713147746,-253.0271713147746,-253.0271713147746,156.50246918838445
279,102.19076023979125,100.79076023979124,102.79076023979124,2.0,sell,True,1,4,5,5,-253.0271713147746,-353.8179315545658,-353.8179315545658,157.13586964439043
280,102.5060810127575,101.0060810127575,103.0060810127575,2.0,buy,True,1,5,4,4,-353.8179315545658,-250.8118505418083,-250.8118505418083,159.21247350922172
281,101.88124609554656,100.48124609554655,102.48124609554655,2.0,sell,True,1,4,5,5,-250.8118505418083,-351.29309663735484,-351.29309663735484,158.11313384037794
282,102.13206357983658,100.63206357983658,102.63206357983658,2.0,none,False,0,5,5,5,-351.29309663735484,-351.29309663735484,-351.29309663735484,159.3672212618281
283,101.53918005653713,100.03918005653713,102.03918005653713,2.0,sell,True,1,5,6,6,-351.29309663735484,-451.33227669389197,-451.33227669389197,157.90280364533083
284,101.4154122466819,99.8154122466819,101.8154122466819,2.0,buy,True,1,6,5,5,-451.33227669389197,-349.5168644472101,-349.5168644472101,157.5601967861994
285,102.36170587832528,100.86170587832528,102.86170587832528,2.0,buy,True,1,5,4,4,-349.5168644472101,-246.65515856888481,-246.65515856888481,162.7916649444163
286,101.67846220593574,100.27846220593574,102.27846220593574,2.0,sell,True,1,4,5,5,-246.65515856888481,-346.93362077482055,-346.93362077482055,161.45869025485814
287,100.8648806084988,99.3648806084988,101.3648806084988,2.0,none,False,0,5,5,5,-346.93362077482055,-346.93362077482055,-346.93362077482055,157.3907822676734
288,101.69074036546714,100.19074036546714,102.19074036546714,2.0,buy,True,1,5,4,4,-346.93362077482055,-244.7428804093534,-244.7428804093534,162.02008105251514
289,102.35502671300493,100.95502671300493,102.95502671300493,2.0,sell,True,1,4,5,5,-244.7428804093534,-345.69790712235834,-345.69790712235834,166.0772264426663
290,102.37277074314396,100.87277074314396,102.87277074314396,2.0,sell,True,1,5,6,6,-345.69790712235834,-446.5706778655023,-446.5706778655023,167.6659465933614
291,103.3332600083507,101.73326000835071,103.73326000835071,2.0,sell,True,1,6,7,7,-446.5706778655023,-548.303937873853,-548.303937873853,175.0288821846019
292,103.100432034845,101.400432034845,103.400432034845,2.0,none,False,0,7,7,7,-548.303937873853,-548.303937873853,-548.303937873853,173.39908637006204
293,103.11691381803078,101.41691381803078,103.41691381803078,2.0,none,False,0,7,7,7,-548.303937873853,-548.303937873853,-548.303937873853,173.5144588523625
294,103.84496768688795,102.14496768688795,104.14496768688795,2.0,sell,True,1,7,8,8,-548.303937873853,-650.448905560741,-650.448905560741,180.31083593436267
295,103.67485253399065,101.87485253399065,103.87485253399065,2.0,none,False,0,8,8,8,-650.448905560741,-650.448905560741,-650.448905560741,178.9499147111842
296,103.69032788560996,101.89032788560996,103.89032788560996,2.0,none,False,0,8,8,8,-650.448905560741,-650.448905560741,-650.448905560741,179.07371752413871
297,103.25600585217562,101.45600585217562,103.45600585217562,2.0,sell,True,1,8,9,9,-650.448905560741,-751.9049114129166,-751.9049114129166,177.39914125666394
298,104.2538105186343,102.35381051863429,104.35381051863429,2.0,buy,True,1,9,8,8,-751.9049114129166,-647.5511008942823,-647.5511008942823,186.47938325479208
299,104.33097167404205,102.53097167404205,104.53097167404205,2.0,sell,True,1,8,9,9,-647.5511008942823,-750.0820725683243,-750.0820725683243,188.89667249805416
300,104.41783179995939,102.51783179995938,104.51783179995938,2.0,buy,True,1,9,8,8,-750.0820725683243,-645.5642407683649,-645.5642407683649,189.77841363131017
301,103.7951365473736,101.9951365473736,103.9951365473736,2.0,sell,True,1,8,9,9,-645.5642407683649,-747.5593773157385,-747.5593773157385,186.59685161062396
302,103.2622614394894,101.36226143948939,103.36226143948939,2.0,none,False,0,9,9,9,-747.5593773157385,-747.5593773157385,-747.5593773157385,181.80097563966604
303,102.349556037684,100.44955603768399,102.44955603768399,2.0,none,False,0,9,9,9,-747.5593773157385,-747.5593773157385,-747.5593773157385,173.58662702341746
304,102.760011799734,100.860011799734,102.860011799734,2.0,none,False,0,9,9,9,-747.5593773157385,-747.5593773157385,-747.5593773157385,177.2807288818675
305,102.53216930471596,100.63216930471596,102.63216930471596,2.0,sell,True,1,9,10,10,-747.5593773157385,-848.1915466204545,-848.1915466204545,177.1301464267052
306,103.49380558203553,101.49380558203553,103.49380558203553,2.0,buy,True,1,10,9,9,-848.1915466204545,-744.6977410384189,-744.6977410384189,186.74650919990086
307,103.49838788230147,101.59838788230147,103.59838788230147,2.0,sell,True,1,9,10,10,-744.6977410384189,-846.2961289207204,-846.2961289207204,188.68774990229429
308,104.24676863041009,102.24676863041009,104.24676863041009,2.0,sell,True,1,10,11,11,-846.2961289207204,-948.5428975511305,-948.5428975511305,198.17155738338045
309,104.16062477935857,102.06062477935858,104.06062477935858,2.0,none,False,0,11,11,11,-948.5428975511305,-948.5428975511305,-948.5428975511305,197.22397502181377
310,103.9805820188513,101.8805820188513,103.8805820188513,2.0,buy,True,1,11,10,10,-948.5428975511305,-844.6623155322792,-844.6623155322792,195.14350465623363
311,103.91956322082076,101.91956322082076,103.91956322082076,2.0,none,False,0,10,10,10,-844.6623155322792,-844.6623155322792,-844.6623155322792,194.5333166759284
312,103.59668568892363,101.59668568892363,103.59668568892363,2.0,sell,True,1,10,11,11,-844.6623155322792,-946.2590012212029,-946.2590012212029,193.3045413569571
313,104.30021627362501,102.20021627362502,104.20021627362502,2.0,none,False,0,11,11,11,-946.2590012212029,-946.2590012212029,-946.2590012212029,201.04337778867216
314,105.01890064196155,102.91890064196156,104.91890064196156,2.0,buy,True,1,11,10,10,-946.2590012212029,-841.3401005792414,-841.3401005792414,208.84890584037407
315,105.45633549240752,103.45633549240752,105.45633549240752,2.0,none,False,0,10,10,10,-841.3401005792414,-841.3401005792414,-841.3401005792414,213.22325434483378
316,106.20110152720459,104.20110152720459,106.20110152720459,2.0,buy,True,1,10,9,9,-841.3401005792414,-735.1389990520368,-735.1389990520368,220.67091469280456
317,106.46342356091387,104.56342356091386,106.56342356091386,2.0,none,False,0,9,9,9,-735.1389990520368,-735.1389990520368,-735.1389990520368,223.03181299618802
318,107.4582754068263,105.5582754068263,107.5582754068263,2.0,none,False,0,9,9,9,-735.1389990520368,-735.1389990520368,-735.1389990520368,231.98547960939993
319,107.32621835067255,105.42621835067254,107.42621835067254,2.0,sell,True,1,9,10,10,-735.1389990520368,-840.5652174027093,-840.5652174027093,232.69696610401616
320,108.07137681588672,106.07137681588672,108.07137681588672,2.0,sell,True,1,10,11,11,-840.5652174027093,-946.6365942185961,-946.6365942185961,242.14855075615776
321,108.87822493998769,106.7782249399877,108.7782249399877,2.0,sell,True,1,11,12,12,-946.6365942185961,-1053.4148191585837,-1053.4148191585837,253.12388012126848
322,108.4649604919181,106.2649604919181,108.2649604919181,2.0,buy,True,1,12,11,11,-1053.4148191585837,-945.1498586666655,-945.1498586666655,247.96470674443367
323,108.52729312821563,106.42729312821564,108.42729312821564,2.0,sell,True,1,11,12,12,-945.1498586666655,-1051.577151794881,-1051.577151794881,250.75036574370642
324,107.86726042635183,105.66726042635183,107.66726042635183,2.0,sell,True,1,12,13,13,-1051.577151794881,-1157.2444122212328,-1157.2444122212328,245.029973321341
325,108.10668116342667,105.80668116342667,107.80668116342667,2.0,sell,True,1,13,14,14,-1157.2444122212328,-1263.0510933846595,-1263.0510933846595,250.44244290331403
326,107.39291660368369,104.99291660368368,106.99291660368368,2.0,buy,True,1,14,13,13,-1263.0510933846595,-1156.0581767809758,-1156.0581767809758,240.04973906691203
327,106.903570020002,104.603570020002,106.603570020002,2.0,sell,True,1,13,14,14,-1156.0581767809758,-1260.6617468009779,-1260.6617468009779,235.98823347905
328,107.70598886719976,105.30598886719976,107.30598886719976,2.0,buy,True,1,14,13,13,-1260.6617468009779,-1153.355757933778,-1153.355757933778,246.8220973398188
329,107.58944843440739,105.28944843440739,107.28944843440739,2.0,sell,True,1,13,14,14,-1153.355757933778,-1258.6452063681854,-1258.6452063681854,247.60707171351805
330,107.86732583912742,105.46732583912741,107.46732583912741,2.0,buy,True,1,14,13,13,-1258.6452063681854,-1151.177880529058,-1151.177880529058,251.0973553795984
331,108.55793368941262,106.25793368941262,108.25793368941262,2.0,buy,True,1,13,12,12,-1151.177880529058,-1042.9199468396455,-1042.9199468396455,259.775257433306
332,108.52434981153105,106.32434981153105,108.32434981153105,2.0,sell,True,1,12,13,13,-1042.9199468396455,-1149.2442966511765,-1149.2442966511765,261.57225089872713
333,108.67397367188835,106.37397367188835,108.37397367188835,2.0,none,False,0,13,13,13,-1149.2442966511765,-1149.2442966511765,-1149.2442966511765,263.51736108337195
334,108.26443517965488,105.96443517965488,107.96443517965488,2.0,none,False,0,13,13,13,-1149.2442966511765,-1149.2442966511765,-1149.2442966511765,258.193360684337
335,108.58089481151224,106.28089481151224,108.28089481151224,2.0,sell,True,1,13,14,14,-1149.2442966511765,-1255.5251914626888,-1255.5251914626888,264.60733589848246
336,108.95249379698026,106.55249379698026,108.55249379698026,2.0,none,False,0,14,14,14,-1255.5251914626888,-1255.5251914626888,-1255.5251914626888,269.809721695035
337,108.05058229853226,105.65058229853226,107.65058229853226,2.0,buy,True,1,14,13,13,-1255.5251914626888,-1147.8746091641565,-1147.8746091641565,256.782960716763
338,108.85889288031971,106.55889288031972,108.55889288031972,2.0,sell,True,1,13,14,14,-1147.8746091641565,-1254.4335020444762,-1254.4335020444762,269.5909982799999
339,109.07302287664825,106.67302287664825,108.67302287664825,2.0,sell,True,1,14,15,15,-1254.4335020444762,-1361.1065249211244,-1361.1065249211244,274.98881822859926
340,109.31480520290886,106.81480520290886,108.81480520290886,2.0,sell,True,1,15,16,16,-1361.1065249211244,-1467.9213301240334,-1467.9213301240334,281.11555312250835
341,109.63316828354236,107.03316828354237,109.03316828354237,2.0,none,False,0,16,16,16,-1467.9213301240334,-1467.9213301240334,-1467.9213301240334,286.2093624126444
342,109.88966449091616,107.28966449091617,109.28966449091617,2.0,none,False,0,16,16,16,-1467.9213301240334,-1467.9213301240334,-1467.9213301240334,290.3133017306252
343,110.18234570869721,107.58234570869722,109.58234570869722,2.0,buy,True,1,16,15,15,-1467.9213301240334,-1358.3389844153362,-1358.3389844153362,294.3962012151219
344,110.34149331943402,107.84149331943402,109.84149331943402,2.0,none,False,0,15,15,15,-1358.3389844153362,-1358.3389844153362,-1358.3389844153362,296.78341537617416
345,109.52176007092646,107.02176007092646,109.02176007092646,2.0,sell,True,1,15,16,16,-1358.3389844153362,-1465.3607444862628,-1465.3607444862628,286.9874166485606
346,108.87304021181508,106.27304021181509,108.27304021181509,2.0,sell,True,1,16,17,17,-1465.3607444862628,-1571.6337846980778,-1571.6337846980778,279.20789890277865
347,109.81601937423775,107.11601937423775,109.11601937423775,2.0,sell,True,1,17,18,18,-1571.6337846980778,-1678.7498040723156,-1678.7498040723156,297.93854466396397
348,110.47696461337254,107.67696461337255,109.67696461337255,2.0,sell,True,1,18,19,19,-1678.7498040723156,-1786.426768685688,-1786.426768685688,312.6355589683901
349,110.44066027312003,107.54066027312003,109.54066027312003,2.0,none,False,0,19,19,19,-1786.426768685688,-1786.426768685688,-1786.426768685688,311.94577650359247
350,110.93377897455412,108.03377897455411,110.03377897455411,2.0,buy,True,1,19,18,18,-1786.426768685688,-1676.392989711134,-1676.392989711134,320.41503183084
351,111.85956556029187,109.05956556029187,111.05956556029187,2.0,sell,True,1,18,19,19,-1676.392989711134,-1785.452555271426,-1785.452555271426,339.8791903741196
352,112.57984675408952,109.67984675408951,111.67984675408951,2.0,none,False,0,19,19,19,-1785.452555271426,-1785.452555271426,-1785.452555271426,353.56453305627497
353,113.53973123965332,110.63973123965332,112.63973123965332,2.0,none,False,0,19,19,19,-1785.452555271426,-1785.452555271426,-1785.452555271426,371.8023382819872
354,114.14890652769445,111.24890652769444,113.24890652769444,2.0,sell,True,1,19,20,20,-1785.452555271426,-1896.7014617991206,-1896.7014617991206,386.2766687547685
355,113.17674383789625,110.17674383789625,112.17674383789625,2.0,buy,True,1,20,19,19,-1896.7014617991206,-1784.5247179612243,-1784.5247179612243,365.8334149588045
356,113.52240060164377,110.62240060164376,112.62240060164376,2.0,sell,True,1,19,20,20,-1784.5247179612243,-1895.147118562868,-1895.147118562868,375.3008934700074
357,114.16723520409731,111.16723520409731,113.16723520409731,2.0,none,False,0,20,20,20,-1895.147118562868,-1895.147118562868,-1895.147118562868,388.1975855190781
358,113.38392740849577,110.38392740849577,112.38392740849577,2.0,buy,True,1,20,19,19,-1895.147118562868,-1782.7631911543722,-1782.7631911543722,371.53142960704736
359,114.15239709892548,111.25239709892547,113.25239709892547,2.0,sell,True,1,19,20,20,-1782.7631911543722,-1894.0155882532977,-1894.0155882532977,389.03235372521203
360,113.59513149907346,110.59513149907346,112.59513149907346,2.0,sell,False,0,20,20,20,-1894.0155882532977,-1894.0155882532977,-1894.0155882532977,377.8870417281714
361,114.41390677592925,111.41390677592925,113.41390677592925,2.0,buy,True,1,20,19,19,-1894.0155882532977,-1780.6016814773684,-1780.6016814773684,393.26254726528714
362,113.6934608009437,110.79346080094369,112.79346080094369,2.0,none,False,0,19,19,19,-1780.6016814773684,-1780.6016814773684,-1780.6016814773684,379.57407374056174
363,113.30218996965571,110.40218996965571,112.40218996965571,2.0,buy,True,1,19,18,18,-1780.6016814773684,-1668.1994915077128,-1668.1994915077128,371.2399279460901
364,114.07670858671271,111.27670858671272,113.27670858671272,2.0,buy,True,1,18,17,17,-1668.1994915077128,-1554.9227829210001,-1554.9227829210001,384.3812630531161
365,114.41768102441306,111.71768102441305,113.71768102441305,2.0,none,False,0,17,17,17,-1554.9227829210001,-1554.9227829210001,-1554.9227829210001,390.1777944940218
366,115.30962919597192,112.60962919597192,114.60962919597192,2.0,sell,True,1,17,18,18,-1554.9227829210001,-1667.532412116972,-1667.532412116972,408.04091341052253
367,114.6186750007916,111.8186750007916,113.8186750007916,2.0,buy,True,1,18,17,17,-1667.532412116972,-1553.7137371161803,-1553.7137371161803,394.80373789727696
368,114.59736907637082,111.89736907637082,113.89736907637082,2.0,sell,True,1,17,18,18,-1553.7137371161803,-1665.611106192551,-1665.611106192551,397.1415371821238
369,113.66280165008092,110.86280165008093,112.86280165008093,2.0,buy,True,1,18,17,17,-1665.611106192551,-1552.7483045424701,-1552.7483045424701,379.5193235089055
370,114.56391198978378,111.86391198978377,113.86391198978377,2.0,none,False,0,17,17,17,-1552.7483045424701,-1552.7483045424701,-1552.7483045424701,394.838199283854
371,113.76262123899603,111.06262123899603,113.06262123899603,2.0,sell,True,1,17,18,18,-1552.7483045424701,-1663.8109257814663,-1663.8109257814663,383.9162565204624
372,114.71830629790013,111.91830629790013,113.91830629790013,2.0,buy,True,1,18,17,17,-1663.8109257814663,-1549.8926194835662,-1549.8926194835662,400.318587580736
373,114.09792342222228,111.39792342222228,113.39792342222228,2.0,sell,True,1,17,18,18,-1549.8926194835662,-1661.2905429057885,-1661.2905429057885,392.47207869421277
374,114.00735815936332,111.20735815936332,113.20735815936332,2.0,sell,True,1,18,19,19,-1661.2905429057885,-1772.4979010651518,-1772.4979010651518,393.64190396275126
375,114.20165007840241,111.3016500784024,113.3016500784024,2.0,sell,True,1,19,20,20,-1772.4979010651518,-1883.7995511435543,-1883.7995511435543,400.2334504244941
376,113.68878787273046,110.68878787273046,112.68878787273046,2.0,sell,False,0,20,20,20,-1883.7995511435543,-1883.7995511435543,-1883.7995511435543,389.97620631105474
377,112.82600817837917,109.82600817837917,111.82600817837917,2.0,none,False,0,20,20,20,-1883.7995511435543,-1883.7995511435543,-1883.7995511435543,372.72061242402924
378,112.24032291907248,109.24032291907248,111.24032291907248,2.0,sell,False,0,20,20,20,-1883.7995511435543,-1883.7995511435543,-1883.7995511435543,361.0069072378956
379,111.89744202593694,108.89744202593694,110.89744202593694,2.0,sell,False,0,20,20,20,-1883.7995511435543,-1883.7995511435543,-1883.7995511435543,354.1492893751847
380,110.90311312889698,107.90311312889698,109.90311312889698,2.0,none,False,0,20,20,20,-1883.7995511435543,-1883.7995511435543,-1883.7995511435543,334.26271143438544
381,110.19248908953799,107.19248908953799,109.19248908953799,2.0,buy,True,1,20,19,19,-1883.7995511435543,-1774.6070620540163,-1774.6070620540163,319.05023064720535
382,109.54148333134077,106.64148333134077,108.64148333134077,2.0,buy,True,1,19,18,18,-1774.6070620540163,-1665.9655787226754,-1665.9655787226754,305.7811212414583
383,108.57120398580219,105.77120398580219,107.77120398580219,2.0,none,False,0,18,18,18,-1665.9655787226754,-1665.9655787226754,-1665.9655787226754,288.3160930217639
384,108.04706719798311,105.24706719798311,107.24706719798311,2.0,buy,True,1,18,17,17,-1665.9655787226754,-1558.7185115246923,-1558.7185115246923,278.08163084102057
385,107.15186523370546,104.45186523370546,106.45186523370546,2.0,none,False,0,17,17,17,-1558.7185115246923,-1558.7185115246923,-1558.7185115246923,262.8631974483005
386,107.2040362869012,104.5040362869012,106.5040362869012,2.0,none,False,0,17,17,17,-1558.7185115246923,-1558.7185115246923,-1558.7185115246923,263.750105352628
387,107.1565282177477,104.4565282177477,106.4565282177477,2.0,none,False,0,17,17,17,-1558.7185115246923,-1558.7185115246923,-1558.7185115246923,262.9424681770188
388,107.18300413296609,104.48300413296609,106.48300413296609,2.0,sell,True,1,17,18,18,-1558.7185115246923,-1663.2015156576583,-1663.2015156576583,266.09255873573125
389,108.0738354189063,105.2738354189063,107.2738354189063,2.0,sell,True,1,18,19,19,-1663.2015156576583,-1768.4753510765647,-1768.4753510765647,284.9275218826549
390,108.80779723442598,105.90779723442597,107.90779723442597,2.0,buy,True,1,19,18,18,-1768.4753510765647,-1660.5675538421388,-1660.5675538421388,297.97279637752877
391,109.73584960067004,106.93584960067004,108.93584960067004,2.0,buy,True,1,18,17,17,-1660.5675538421388,-1551.6317042414687,-1551.6317042414687,313.8777389699219
392,109.53908410969515,106.83908410969515,108.83908410969515,2.0,buy,True,1,17,16,16,-1551.6317042414687,-1442.7926201317734,-1442.7926201317734,309.832725623349
393,110.35848576792561,107.75848576792562,109.75848576792562,2.0,buy,True,1,16,15,15,-1442.7926201317734,-1333.034134363848,-1333.034134363848,322.34315215503625
394,110.57508061519249,108.07508061519249,110.07508061519249,2.0,buy,True,1,15,14,14,-1333.034134363848,-1222.9590537486554,-1222.9590537486554,325.09207486403943
395,110.84123406379452,108.44123406379451,110.44123406379451,2.0,buy,True,1,14,13,13,-1222.9590537486554,-1112.5178196848608,-1112.5178196848608,328.4182231444679
396,111.83048957551637,109.53048957551637,111.53048957551637,2.0,buy,True,1,13,12,12,-1112.5178196848608,-1000.9873301093444,-1000.9873301093444,340.978544796852
397,112.041343158587,109.841343158587,111.841343158587,2.0,sell,True,1,12,13,13,-1000.9873301093444,-1110.8286732679314,-1110.8286732679314,345.70878779369946
398,112.74692863317814,110.44692863317815,112.44692863317815,2.0,sell,True,1,13,14,14,-1110.8286732679314,-1221.2756019011097,-1221.2756019011097,357.18139896338425
399,113.18860846649333,110.78860846649333,112.78860846649333,2.0,buy,True,1,14,13,13,-1221.2756019011097,-1108.4869934346164,-1108.4869934346164,362.964916629797
400,112.6455956152225,110.3455956152225,112.3455956152225,2.0,buy,True,1,13,12,12,-1108.4869934346164,-996.1413978193939,-996.1413978193939,355.60574956327605
401,112.47757491574549,110.27757491574549,112.27757491574549,2.0,buy,True,1,12,11,11,-996.1413978193939,-883.8638229036484,-883.8638229036484,353.3895011695521
402,112.8077906418661,110.70779064186611,112.70779064186611,2.0,buy,True,1,11,10,10,-883.8638229036484,-771.1560322617822,-771.1560322617822,356.92187415687886
403,113.65376071333488,111.65376071333488,113.65376071333488,2.0,sell,True,1,10,11,11,-771.1560322617822,-882.8097929751171,-882.8097929751171,367.3815748715664
404,112.84022091674223,110.74022091674223,112.74022091674223,2.0,sell,True,1,11,12,12,-882.8097929751171,-993.5500138918594,-993.5500138918594,360.5326371090473
405,113.46375948729701,111.26375948729701,113.26375948729701,2.0,sell,True,1,12,13,13,-993.5500138918594,-1104.8137733791564,-1104.8137733791564,370.2150999557048
406,113.58693231528116,111.28693231528116,113.28693231528116,2.0,buy,True,1,13,12,12,-1104.8137733791564,-991.5268410638752,-991.5268410638752,371.51634671949876
407,113.2941284745487,111.0941284745487,113.0941284745487,2.0,sell,True,1,12,13,13,-991.5268410638752,-1102.6209695384239,-1102.6209695384239,370.20270063070916
408,114.03031277228683,111.73031277228684,113.73031277228684,2.0,none,False,0,13,13,13,-1102.6209695384239,-1102.6209695384239,-1102.6209695384239,379.77309650130496
409,114.96711002290978,112.66711002290978,114.66711002290978,2.0,buy,True,1,13,12,12,-1102.6209695384239,-987.9538595155141,-987.9538595155141,391.65146075940334
410,115.1229470596895,112.92294705968949,114.92294705968949,2.0,sell,True,1,12,13,13,-987.9538595155141,-1100.8768065752035,-1100.8768065752035,395.7215052007598
411,114.57143679790462,112.27143679790463,114.27143679790463,2.0,sell,True,1,13,14,14,-1100.8768065752035,-1213.1482433731082,-1213.1482433731082,390.85187179755644
412,114.30655889913533,111.90655889913532,113.90655889913532,2.0,none,False,0,14,14,14,-1213.1482433731082,-1213.1482433731082,-1213.1482433731082,387.1435812147863
413,114.45475890779825,112.05475890779825,114.05475890779825,2.0,none,False,0,14,14,14,-1213.1482433731082,-1213.1482433731082,-1213.1482433731082,389.2183813360673
414,115.14506923045496,112.74506923045496,114.74506923045496,2.0,none,False,0,14,14,14,-1213.1482433731082,-1213.1482433731082,-1213.1482433731082,398.88272585326126
415,115.78192294953631,113.3819229495363,115.3819229495363,2.0,sell,True,1,14,15,15,-1213.1482433731082,-1326.5301663226446,-1326.5301663226446,410.1986779204001
416,114.83443061244347,112.33443061244347,114.33443061244347,2.0,none,False,0,15,15,15,-1326.5301663226446,-1326.5301663226446,-1326.5301663226446,395.9862928640075
417,115.49335219236279,112.99335219236279,114.99335219236279,2.0,buy,True,1,15,14,14,-1326.5301663226446,-1211.5368141302818,-1211.5368141302818,405.3701165627974
418,115.898749738094,113.49874973809399,115.49874973809399,2.0,buy,True,1,14,13,13,-1211.5368141302818,-1096.0380643921878,-1096.0380643921878,410.6456822030341
419,114.91096131690131,112.61096131690131,114.61096131690131,2.0,none,False,0,13,13,13,-1096.0380643921878,-1096.0380643921878,-1096.0380643921878,397.80443272752905
420,115.04360350642406,112.74360350642407,114.74360350642407,2.0,buy,True,1,13,12,12,-1096.0380643921878,-981.2944608857638,-981.2944608857638,399.22878119132497
421,115.30994753173509,113.10994753173509,115.10994753173509,2.0,sell,True,1,12,13,13,-981.2944608857638,-1094.4044084174989,-1094.4044084174989,404.6249094950574
422,114.7402132918021,112.44021329180211,114.44021329180211,2.0,buy,True,1,13,12,12,-1094.4044084174989,-979.9641951256967,-979.9641951256967,396.9183643759286
423,114.48031947675611,112.2803194767561,114.2803194767561,2.0,none,False,0,12,12,12,-979.9641951256967,-979.9641951256967,-979.9641951256967,393.79963859537656
424,115.03399071668959,112.83399071668958,114.83399071668958,2.0,buy,True,1,12,11,11,-979.9641951256967,-865.1302044090071,-865.1302044090071,400.2436934745783
425,114.13920836954063,112.03920836954063,114.03920836954063,2.0,sell,True,1,11,12,12,-865.1302044090071,-977.1694127785477,-977.1694127785477,392.50108765593995
426,114.48714579076685,112.28714579076684,114.28714579076684,2.0,sell,True,1,12,13,13,-977.1694127785477,-1089.4565585693144,-1089.4565585693144,398.87633671065464
427,114.45846920054883,112.15846920054884,114.15846920054884,2.0,buy,True,1,13,12,12,-1089.4565585693144,-975.2980893687657,-975.2980893687657,398.2035410378203
428,114.96835548788557,112.76835548788557,114.76835548788557,2.0,buy,True,1,12,11,11,-975.2980893687657,-860.52973388088,-860.52973388088,404.12217648586125
429,114.53484842804647,112.43484842804648,114.43484842804648,2.0,buy,True,1,11,10,10,-860.52973388088,-746.0948854528335,-746.0948854528335,399.2535988276311
430,114.86911354551917,112.86911354551917,114.86911354551917,2.0,buy,True,1,10,9,9,-746.0948854528335,-631.2257719073143,-631.2257719073143,402.59625000235815
431,115.06776345940807,113.16776345940806,115.16776345940806,2.0,buy,True,1,9,8,8,-631.2257719073143,-516.0580084479062,-516.0580084479062,404.48409922735834
432,114.49023141784869,112.6902314178487,114.6902314178487,2.0,buy,True,1,8,7,7,-516.0580084479062,-401.36777703005754,-401.36777703005754,400.0638428948833
433,114.14647612972438,112.44647612972437,114.44647612972437,2.0,sell,True,1,7,8,8,-401.36777703005754,-513.8142531597819,-513.8142531597819,399.35755587801316
434,113.49786573347606,111.69786573347606,113.69786573347606,2.0,sell,True,1,8,9,9,-513.8142531597819,-625.5121188932579,-625.5121188932579,395.9686727080266
435,113.49839042658849,111.59839042658848,113.59839042658848,2.0,none,False,0,9,9,9,-625.5121188932579,-625.5121188932579,-625.5121188932579,395.9733949460384
436,114.11079079972201,112.210790799722,114.210790799722,2.0,sell,True,1,9,10,10,-625.5121188932579,-737.7229096929799,-737.7229096929799,403.3849983042402
437,113.19539532284759,111.19539532284759,113.19539532284759,2.0,sell,True,1,10,11,11,-737.7229096929799,-848.9183050158275,-848.9183050158275,396.23104353549604
438,113.91961535007172,111.81961535007173,113.81961535007173,2.0,sell,True,1,11,12,12,-848.9183050158275,-960.7379203658993,-960.7379203658993,406.2974638349615
439,114.33861327320959,112.13861327320959,114.13861327320959,2.0,buy,True,1,12,11,11,-960.7379203658993,-846.5993070926897,-846.5993070926897,411.12543891261566
440,113.38032639125909,111.2803263912591,113.2803263912591,2.0,sell,True,1,11,12,12,-846.5993070926897,-957.8796334839489,-957.8796334839489,402.6842832111603
441,113.61657691786758,111.41657691786757,113.41657691786757,2.0,none,False,0,12,12,12,-957.8796334839489,-957.8796334839489,-957.8796334839489,405.51928953046206
442,114.45611642135034,112.25611642135034,114.25611642135034,2.0,sell,True,1,12,13,13,-957.8796334839489,-1070.1357499052992,-1070.1357499052992,417.79376357225533
443,113.94274937099581,111.64274937099582,113.64274937099582,2.0,sell,True,1,13,14,14,-1070.1357499052992,-1181.778499276295,-1181.778499276295,413.4199919176465
444,113.73428276471448,111.33428276471447,113.33428276471447,2.0,buy,True,1,14,13,13,-1181.778499276295,-1068.4442165115804,-1068.4442165115804,410.1014594297078
445,113.40042000970074,111.10042000970074,113.10042000970074,2.0,sell,True,1,13,14,14,-1068.4442165115804,-1179.544636521281,-1179.544636521281,408.0612436145293
446,112.62847328937784,110.22847328937783,112.22847328937783,2.0,sell,True,1,14,15,15,-1179.544636521281,-1289.773109810659,-1289.773109810659,399.65398953000863
447,112.3272238203226,109.8272238203226,111.8272238203226,2.0,none,False,0,15,15,15,-1289.773109810659,-1289.773109810659,-1289.773109810659,395.13524749418
448,112.9651210233723,110.4651210233723,112.4651210233723,2.0,none,False,0,15,15,15,-1289.773109810659,-1289.773109810659,-1289.773109810659,404.7037055399255
449,112.43765872126575,109.93765872126575,111.93765872126575,2.0,buy,True,1,15,14,14,-1289.773109810659,-1177.8354510893932,-1177.8354510893932,396.29177100832726
450,112.64245669181209,110.24245669181208,112.24245669181208,2.0,none,False,0,14,14,14,-1177.8354510893932,-1177.8354510893932,-1177.8354510893932,399.158942595976
451,112.95347471284957,110.55347471284956,112.55347471284956,2.0,sell,True,1,14,15,15,-1177.8354510893932,-1288.3889258022427,-1288.3889258022427,405.9131948905008
452,112.94170876288435,110.44170876288435,112.44170876288435,2.0,none,False,0,15,15,15,-1288.3889258022427,-1288.3889258022427,-1288.3889258022427,405.73670564102235
453,113.46146306209984,110.96146306209984,112.96146306209984,2.0,sell,True,1,15,16,16,-1288.3889258022427,-1399.3503888643427,-1399.3503888643427,416.03302012925474
454,113.59044662890544,110.99044662890545,112.99044662890545,2.0,sell,True,1,16,17,17,-1399.3503888643427,-1510.340835493248,-1510.340835493248,420.6967571981445
455,114.31894037856827,111.61894037856827,113.61894037856827,2.0,buy,True,1,17,16,16,-1510.340835493248,-1396.7218951146797,-1396.7218951146797,432.38115094241266
456,113.45551289555978,110.85551289555978,112.85551289555978,2.0,buy,True,1,16,15,15,-1396.7218951146797,-1283.86638221912,-1283.86638221912,417.96631121427663
457,113.0048602305321,110.5048602305321,112.5048602305321,2.0,sell,True,1,15,16,16,-1283.86638221912,-1394.371242449652,-1394.371242449652,413.70652123886157
458,112.62567593174472,110.02567593174473,112.02567593174473,2.0,buy,True,1,16,15,15,-1394.371242449652,-1282.3455665179074,-1282.3455665179074,407.03957245826336
459,113.28906919507097,110.78906919507097,112.78906919507097,2.0,sell,True,1,15,16,16,-1282.3455665179074,-1393.1346357129783,-1393.1346357129783,419.4904714081572
460,113.99965593798315,111.39965593798316,113.39965593798316,2.0,sell,True,1,16,17,17,-1393.1346357129783,-1504.5342916509614,-1504.5342916509614,433.45985929475205
461,113.92507925583769,111.22507925583768,113.22507925583768,2.0,sell,True,1,17,18,18,-1504.5342916509614,-1615.7593709067992,-1615.7593709067992,434.89205569827936
462,114.71683278695129,111.91683278695129,113.91683278695129,2.0,sell,True,1,18,19,19,-1615.7593709067992,-1727.6762036937505,-1727.6762036937505,451.94361925832413
463,115.0205076962485,112.1205076962485,114.1205076962485,2.0,buy,True,1,19,18,18,-1727.6762036937505,-1613.555695997502,-1613.555695997502,456.8134425349708
464,114.32222984963978,111.52222984963979,113.52222984963979,2.0,buy,True,1,18,17,17,-1613.555695997502,-1500.033466147862,-1500.033466147862,443.44444129601425
465,115.12048351755134,112.42048351755133,114.42048351755133,2.0,sell,True,1,17,18,18,-1500.033466147862,-1612.4539496654133,-1612.4539496654133,459.71475365051083
466,115.12958152055324,112.32958152055325,114.32958152055325,2.0,buy,True,1,18,17,17,-1612.4539496654133,-1498.12436814486,-1498.12436814486,459.0785177045452
467,115.00509806917171,112.3050980691717,114.3050980691717,2.0,sell,True,1,17,18,18,-1498.12436814486,-1610.4294662140317,-1610.4294662140317,459.6622990310591
468,114.3225904851348,111.5225904851348,113.5225904851348,2.0,buy,True,1,18,17,17,-1610.4294662140317,-1496.906875728897,-1496.906875728897,446.5771625183945
469,114.14012927962943,111.44012927962943,113.44012927962943,2.0,sell,True,1,17,18,18,-1496.906875728897,-1608.3470050085264,-1608.3470050085264,446.17532202480356
470,114.71858314275677,111.91858314275677,113.91858314275677,2.0,buy,True,1,18,17,17,-1608.3470050085264,-1494.4284218657697,-1494.4284218657697,455.7874915610955
471,113.90759503778696,111.20759503778696,113.20759503778696,2.0,buy,True,1,17,16,16,-1494.4284218657697,-1381.2208268279828,-1381.2208268279828,441.30069377660857
472,114.35506234779189,111.75506234779189,113.75506234779189,2.0,sell,True,1,16,17,17,-1381.2208268279828,-1492.9758891757747,-1492.9758891757747,451.06017073668727
473,115.10162167191297,112.40162167191296,114.40162167191296,2.0,sell,True,1,17,18,18,-1492.9758891757747,-1605.3775108476877,-1605.3775108476877,466.45167924674547
474,114.3844784330816,111.5844784330816,113.5844784330816,2.0,sell,True,1,18,19,19,-1605.3775108476877,-1716.9619892807693,-1716.9619892807693,456.34310094778107
475,114.78143835870536,111.88143835870535,113.88143835870535,2.0,sell,True,1,19,20,20,-1716.9619892807693,-1828.8434276394746,-1828.8434276394746,466.7853395346324
476,115.65744275783688,112.65744275783688,114.65744275783688,2.0,buy,True,1,20,19,19,-1828.8434276394746,-1714.1859848816378,-1714.1859848816378,483.30542751726284
477,116.24076667356397,113.34076667356396,115.34076667356396,2.0,none,False,0,19,19,19,-1714.1859848816378,-1714.1859848816378,-1714.1859848816378,494.38858191607756
478,116.58099947355342,113.68099947355341,115.68099947355341,2.0,none,False,0,19,19,19,-1714.1859848816378,-1714.1859848816378,-1714.1859848816378,500.85300511587707
479,117.05854881781238,114.15854881781237,116.15854881781237,2.0,sell,True,1,19,20,20,-1714.1859848816378,-1828.34453369945,-1828.34453369945,512.8264426567976
480,117.35059845927935,114.35059845927935,116.35059845927935,2.0,buy,True,1,20,19,19,-1828.34453369945,-1711.9939352401707,-1711.9939352401707,517.667435486137
481,117.07579379724345,114.17579379724344,116.17579379724344,2.0,buy,True,1,19,18,18,-1711.9939352401707,-1595.8181414429273,-1595.8181414429273,511.54614690745484
482,117.97113033231214,115.17113033231215,117.17113033231215,2.0,buy,True,1,18,17,17,-1595.8181414429273,-1478.647011110615,-1478.647011110615,526.8622045386915
483,117.2462610386663,114.5462610386663,116.5462610386663,2.0,sell,True,1,17,18,18,-1478.647011110615,-1593.1932721492813,-1593.1932721492813,517.2394265467124
484,116.44854256600209,113.64854256600209,115.64854256600209,2.0,none,False,0,18,18,18,-1593.1932721492813,-1593.1932721492813,-1593.1932721492813,502.8804940387563
485,117.1187822192712,114.3187822192712,116.3187822192712,2.0,none,False,0,18,18,18,-1593.1932721492813,-1593.1932721492813,-1593.1932721492813,514.9448077976003
486,116.19427720398632,113.39427720398632,115.39427720398632,2.0,sell,True,1,18,19,19,-1593.1932721492813,-1706.5875493532676,-1706.5875493532676,501.1037175224724
487,115.45637528684533,112.55637528684532,114.55637528684532,2.0,buy,True,1,19,18,18,-1706.5875493532676,-1592.0311740664222,-1592.0311740664222,486.1835810967939
488,116.11906540022358,113.31906540022358,115.31906540022358,2.0,none,False,0,18,18,18,-1592.0311740664222,-1592.0311740664222,-1592.0311740664222,498.11200313760196
489,116.73715283950217,113.93715283950218,115.93715283950218,2.0,buy,True,1,18,17,17,-1592.0311740664222,-1476.09402122692,-1476.09402122692,508.437577044617
490,116.55887006249525,113.85887006249524,115.85887006249524,2.0,buy,True,1,17,16,16,-1476.09402122692,-1360.2351511644247,-1360.2351511644247,504.70676983549924
491,116.4472674821058,113.8472674821058,115.8472674821058,2.0,sell,True,1,16,17,17,-1360.2351511644247,-1474.0824186465304,-1474.0824186465304,505.52112854926827
492,116.34512340817248,113.64512340817248,115.64512340817248,2.0,buy,True,1,17,16,16,-1474.0824186465304,-1358.4372952383578,-1358.4372952383578,503.0846792924019
493,116.96237115035406,114.36237115035406,116.36237115035406,2.0,sell,True,1,16,17,17,-1358.4372952383578,-1472.7996663887118,-1472.7996663887118,515.5606431673073
494,116.69805306680412,113.99805306680412,115.99805306680412,2.0,none,False,0,17,17,17,-1472.7996663887118,-1472.7996663887118,-1472.7996663887118,511.0672357469582
495,117.66693265386728,114.96693265386727,116.96693265386727,2.0,buy,True,1,17,16,16,-1472.7996663887118,-1355.8327337348446,-1355.8327337348446,526.8381887270318
496,117.4306775222487,114.8306775222487,116.8306775222487,2.0,sell,True,1,16,17,17,-1355.8327337348446,-1470.6634112570932,-1470.6634112570932,525.6581066211347
497,118.06446000141118,115.36446000141117,117.36446000141117,2.0,none,False,0,17,17,17,-1470.6634112570932,-1470.6634112570932,-1470.6634112570932,536.4324087668967
498,117.34125707061804,114.64125707061804,116.64125707061804,2.0,sell,True,1,17,18,18,-1470.6634112570932,-1585.3046683277112,-1585.3046683277112,526.8379589434135
499,118.08949096072251,115.28949096072252,117.28949096072252,2.0,buy,True,1,18,17,17,-1585.3046683277112,-1468.0151773669886,-1468.0151773669886,539.5061689652941
500,118.78127551418939,116.08127551418939,118.08127551418939,2.0,none,False,0,17,17,17,-1468.0151773669886,-1468.0151773669886,-1468.0151773669886,551.2665063742311
501,118.35140154230804,115.65140154230804,117.65140154230804,2.0,none,False,0,17,17,17,-1468.0151773669886,-1468.0151773669886,-1468.0151773669886,543.958648852248
502,117.89698414149075,115.19698414149074,117.19698414149074,2.0,none,False,0,17,17,17,-1468.0151773669886,-1468.0151773669886,-1468.0151773669886,536.2335530383541
503,117.19168145347396,114.49168145347396,116.49168145347396,2.0,sell,True,1,17,18,18,-1468.0151773669886,-1582.5068588204626,-1582.5068588204626,526.9434073420684
504,116.63575746728792,113.83575746728792,115.83575746728792,2.0,buy,True,1,18,17,17,-1582.5068588204626,-1466.6711013531747,-1466.6711013531747,516.1367755907199
505,115.6890978488938,112.98909784889379,114.98909784889379,2.0,sell,True,1,17,18,18,-1466.6711013531747,-1579.6601992020685,-1579.6601992020685,502.74356207802
506,115.16065399662067,112.36065399662067,114.36065399662067,2.0,none,False,0,18,18,18,-1579.6601992020685,-1579.6601992020685,-1579.6601992020685,493.23157273710353
507,114.9104793434562,112.1104793434562,114.1104793434562,2.0,sell,True,1,18,19,19,-1579.6601992020685,-1691.7706785455248,-1691.7706785455248,491.52842898014296
508,115.58883191867942,112.68883191867941,114.68883191867941,2.0,sell,True,1,19,20,20,-1691.7706785455248,-1804.4595104642042,-1804.4595104642042,507.3171279093842
509,114.86403109413116,111.86403109413116,113.86403109413116,2.0,sell,False,0,20,20,20,-1804.4595104642042,-1804.4595104642042,-1804.4595104642042,492.8211114184189
510,115.25617507128314,112.25617507128314,114.25617507128314,2.0,sell,False,0,20,20,20,-1804.4595104642042,-1804.4595104642042,-1804.4595104642042,500.66399096145847
511,115.15337801924763,112.15337801924763,114.15337801924763,2.0,buy,True,1,20,19,19,-1804.4595104642042,-1690.3061324449566,-1690.3061324449566,497.6080499207485
512,114.66522587612171,111.7652258761217,113.7652258761217,2.0,none,False,0,19,19,19,-1690.3061324449566,-1690.3061324449566,-1690.3061324449566,488.3331592013558
513,114.76283436700938,111.86283436700937,113.86283436700937,2.0,none,False,0,19,19,19,-1690.3061324449566,-1690.3061324449566,-1690.3061324449566,490.18772052822146
514,114.81837737878283,111.91837737878282,113.91837737878282,2.0,buy,True,1,19,18,18,-1690.3061324449566,-1576.3877550661737,-1576.3877550661737,490.3430377519171
515,114.42067976795526,111.62067976795527,113.62067976795527,2.0,buy,True,1,18,17,17,-1576.3877550661737,-1462.7670752982185,-1462.7670752982185,482.38448075702104
516,115.00847798523414,112.30847798523413,114.30847798523413,2.0,buy,True,1,17,16,16,-1462.7670752982185,-1348.4585973129845,-1348.4585973129845,491.6770504507617
517,115.81877175655814,113.21877175655814,115.21877175655814,2.0,buy,True,1,16,15,15,-1348.4585973129845,-1233.2398255564262,-1233.2398255564262,504.0417507919458
518,115.84952321697695,113.34952321697695,115.34952321697695,2.0,buy,True,1,15,14,14,-1233.2398255564262,-1117.8903023394494,-1117.8903023394494,504.0030226982278
519,115.70800100318361,113.3080010031836,115.3080010031836,2.0,buy,True,1,14,13,13,-1117.8903023394494,-1002.5823013362658,-1002.5823013362658,501.62171170512124
520,115.54113619360069,113.2411361936007,115.2411361936007,2.0,buy,True,1,13,12,12,-1002.5823013362658,-887.3411651426651,-887.3411651426651,499.15246918054333
521,116.49044517550513,114.29044517550513,116.29044517550513,2.0,sell,True,1,12,13,13,-887.3411651426651,-1001.6316103181703,-1001.6316103181703,512.7441769633965
522,116.5051005686647,114.2051005686647,116.2051005686647,2.0,none,False,0,13,13,13,-1001.6316103181703,-1001.6316103181703,-1001.6316103181703,512.9346970744709
523,116.61340447350109,114.3134044735011,116.3134044735011,2.0,buy,True,1,13,12,12,-1001.6316103181703,-885.3182058446691,-885.3182058446691,514.042647837344
524,116.88474605643835,114.68474605643834,116.68474605643834,2.0,none,False,0,12,12,12,-885.3182058446691,-885.3182058446691,-885.3182058446691,517.298746832591
525,116.39204657857677,114.19204657857676,116.19204657857676,2.0,sell,True,1,12,13,13,-885.3182058446691,-999.5102524232459,-999.5102524232459,513.5863530982522
526,116.08165156490355,113.78165156490356,115.78165156490356,2.0,none,False,0,13,13,13,-999.5102524232459,-999.5102524232459,-999.5102524232459,509.5512179205002
527,116.33816548985486,114.03816548985486,116.03816548985486,2.0,none,False,0,13,13,13,-999.5102524232459,-999.5102524232459,-999.5102524232459,512.8858989448672
528,116.80853945947948,114.50853945947948,116.50853945947948,2.0,buy,True,1,13,12,12,-999.5102524232459,-883.0017129637664,-883.0017129637664,518.7007605499874
529,116.90056694989487,114.70056694989486,116.70056694989486,2.0,none,False,0,12,12,12,-883.0017129637664,-883.0017129637664,-883.0017129637664,519.8050904349719
530,116.25074520399828,114.05074520399828,116.05074520399828,2.0,none,False,0,12,12,12,-883.0017129637664,-883.0017129637664,-883.0017129637664,512.0072294842129
531,116.17999100349235,113.97999100349234,115.97999100349234,2.0,sell,True,1,12,13,13,-883.0017129637664,-996.9817039672588,-996.9817039672588,513.3581790781417
532,116.80298636718756,114.50298636718756,116.50298636718756,2.0,sell,True,1,13,14,14,-996.9817039672588,-1111.4846903344464,-1111.4846903344464,523.7571188061793
533,116.71834552208226,114.31834552208225,116.31834552208225,2.0,buy,True,1,14,13,13,-1111.4846903344464,-995.1663448123642,-995.1663448123642,522.1721469747052
534,116.11728518951264,113.81728518951265,115.81728518951265,2.0,sell,True,1,13,14,14,-995.1663448123642,-1108.983630001877,-1108.983630001877,516.6583626513002
535,116.14805236802164,113.74805236802163,115.74805236802163,2.0,none,False,0,14,14,14,-1108.983630001877,-1108.983630001877,-1108.983630001877,517.0891031504261
536,116.23411376333001,113.83411376333001,115.83411376333001,2.0,sell,True,1,14,15,15,-1108.983630001877,-1222.8177437652068,-1222.8177437652068,520.6939626847434
537,115.61632062479784,113.11632062479784,115.11632062479784,2.0,sell,True,1,15,16,16,-1222.8177437652068,-1335.9340643900048,-1335.9340643900048,513.9270656067606
538,116.34791717895395,113.74791717895395,115.74791717895395,2.0,buy,True,1,16,15,15,-1335.9340643900048,-1220.1861472110509,-1220.1861472110509,525.0326104732583
539,116.0839555275833,113.5839555275833,115.5839555275833,2.0,none,False,0,15,15,15,-1220.1861472110509,-1220.1861472110509,-1220.1861472110509,521.0731857026985
540,116.57057093862254,114.07057093862254,116.07057093862254,2.0,none,False,0,15,15,15,-1220.1861472110509,-1220.1861472110509,-1220.1861472110509,528.3724168682872
541,116.34386047514393,113.84386047514393,115.84386047514393,2.0,none,False,0,15,15,15,-1220.1861472110509,-1220.1861472110509,-1220.1861472110509,524.9717599161081
542,116.33626692821797,113.83626692821797,115.83626692821797,2.0,sell,True,1,15,16,16,-1220.1861472110509,-1334.022414139269,-1334.022414139269,527.3578567122186
543,116.37481863528785,113.77481863528786,115.77481863528786,2.0,none,False,0,16,16,16,-1334.022414139269,-1334.022414139269,-1334.022414139269,527.9746840253367
544,116.82898128397312,114.22898128397313,116.22898128397313,2.0,sell,True,1,16,17,17,-1334.022414139269,-1448.251395423242,-1448.251395423242,537.841286404301
545,117.47366384305289,114.77366384305289,116.77366384305289,2.0,buy,True,1,17,16,16,-1448.251395423242,-1331.4777315801891,-1331.4777315801891,548.1008899086571
546,116.63380166520288,114.03380166520289,116.03380166520289,2.0,buy,True,1,16,15,15,-1331.4777315801891,-1215.4439299149863,-1215.4439299149863,534.0630950630571
547,116.83904492066408,114.33904492066408,116.33904492066408,2.0,sell,True,1,15,16,16,-1215.4439299149863,-1329.7829748356503,-1329.7829748356503,539.641743894975
548,116.54213888820806,113.94213888820806,115.94213888820806,2.0,sell,True,1,16,17,17,-1329.7829748356503,-1443.7251137238584,-1443.7251137238584,537.4912473756785
549,116.24725750882502,113.54725750882501,115.54725750882501,2.0,none,False,0,17,17,17,-1443.7251137238584,-1443.7251137238584,-1443.7251137238584,532.4782639261668
550,115.79636822897473,113.09636822897473,115.09636822897473,2.0,none,False,0,17,17,17,-1443.7251137238584,-1443.7251137238584,-1443.7251137238584,524.8131461687119
551,116.6921769861809,113.9921769861809,115.9921769861809,2.0,sell,True,1,17,18,18,-1443.7251137238584,-1557.7172907100394,-1557.7172907100394,542.7418950412166
552,116.41879924748287,113.61879924748287,115.61879924748287,2.0,none,False,0,18,18,18,-1557.7172907100394,-1557.7172907100394,-1557.7172907100394,537.8210957446522
553,116.77762046311224,113.97762046311225,115.97762046311225,2.0,none,False,0,18,18,18,-1557.7172907100394,-1557.7172907100394,-1557.7172907100394,544.279877625981
554,116.06317939983734,113.26317939983734,115.26317939983734,2.0,sell,True,1,18,19,19,-1557.7172907100394,-1670.9804701098767,-1670.9804701098767,534.2199384870326
555,115.13277733143443,112.23277733143442,114.23277733143442,2.0,sell,True,1,19,20,20,-1670.9804701098767,-1783.213247441311,-1783.213247441311,519.4422991873776
556,114.86543427764872,111.86543427764872,113.86543427764872,2.0,sell,False,0,20,20,20,-1783.213247441311,-1783.213247441311,-1783.213247441311,514.0954381116635
557,115.0756239353583,112.0756239353583,114.0756239353583,2.0,sell,False,0,20,20,20,-1783.213247441311,-1783.213247441311,-1783.213247441311,518.2992312658548
558,114.81965069229966,111.81965069229966,113.81965069229966,2.0,none,False,0,20,20,20,-1783.213247441311,-1783.213247441311,-1783.213247441311,513.1797664046821
559,114.96749424896745,111.96749424896745,113.96749424896745,2.0,buy,True,1,20,19,19,-1783.213247441311,-1669.2457531923437,-1669.2457531923437,515.136637538038
560,115.26661572237951,112.3666157223795,114.3666157223795,2.0,buy,True,1,19,18,18,-1669.2457531923437,-1554.8791374699642,-1554.8791374699642,519.9199455328669
561,115.73796544133837,112.93796544133838,114.93796544133838,2.0,buy,True,1,18,17,17,-1554.8791374699642,-1439.941172028626,-1439.941172028626,527.6042404741265
562,115.86131086285766,113.16131086285766,115.16131086285766,2.0,buy,True,1,17,16,16,-1439.941172028626,-1324.7798611657684,-1324.7798611657684,529.0011126399543
563,115.75385708766889,113.1538570876689,115.1538570876689,2.0,none,False,0,16,16,16,-1324.7798611657684,-1324.7798611657684,-1324.7798611657684,527.2818522369339
564,115.3250108430652,112.7250108430652,114.7250108430652,2.0,none,False,0,16,16,16,-1324.7798611657684,-1324.7798611657684,-1324.7798611657684,520.4203123232749
565,115.30741123357365,112.70741123357365,114.70741123357365,2.0,sell,True,1,16,17,17,-1324.7798611657684,-1437.487272399342,-1437.487272399342,522.7387185714101
566,115.21149660406444,112.51149660406443,114.51149660406443,2.0,none,False,0,17,17,17,-1437.487272399342,-1437.487272399342,-1437.487272399342,521.1081698697535
567,115.10171898954934,112.40171898954934,114.40171898954934,2.0,sell,True,1,17,18,18,-1437.487272399342,-1549.8889913888913,-1549.8889913888913,521.9419504229966
568,115.79276142749873,112.99276142749873,114.99276142749873,2.0,buy,True,1,18,17,17,-1549.8889913888913,-1434.8962299613927,-1434.8962299613927,533.5807143060858
569,114.92263958413088,112.22263958413087,114.22263958413087,2.0,sell,True,1,17,18,18,-1434.8962299613927,-1547.1188695455235,-1547.1188695455235,521.4886429688322
570,115.62536368563713,112.82536368563713,114.82536368563713,2.0,none,False,0,18,18,18,-1547.1188695455235,-1547.1188695455235,-1547.1188695455235,534.137676795945
571,116.48001259908348,113.68001259908348,115.68001259908348,2.0,sell,True,1,18,19,19,-1547.1188695455235,-1660.798882144607,-1660.798882144607,552.3213572379791
572,116.49752408943208,113.59752408943207,115.59752408943207,2.0,buy,True,1,19,18,18,-1660.798882144607,-1545.201358055175,-1545.201358055175,551.7540755546022
573,115.77527783350881,112.97527783350881,114.97527783350881,2.0,none,False,0,18,18,18,-1545.201358055175,-1545.201358055175,-1545.201358055175,538.7536429479835
574,114.82784588712533,112.02784588712534,114.02784588712534,2.0,buy,True,1,18,17,17,-1545.201358055175,-1431.1735121680497,-1431.1735121680497,520.8998679130809
575,115.43516933970251,112.73516933970251,114.73516933970251,2.0,sell,True,1,17,18,18,-1431.1735121680497,-1543.9086815077521,-1543.9086815077521,533.9243666068933
576,114.60760030300638,111.80760030300638,113.80760030300638,2.0,sell,True,1,18,19,19,-1543.9086815077521,-1655.7162818107586,-1655.7162818107586,521.8281239463627
577,115.04533962278782,112.14533962278782,114.14533962278782,2.0,sell,True,1,19,20,20,-1655.7162818107586,-1767.8616214335464,-1767.8616214335464,533.0451710222103
578,115.6920184218046,112.6920184218046,114.6920184218046,2.0,sell,False,0,20,20,20,-1767.8616214335464,-1767.8616214335464,-1767.8616214335464,545.9787470025456
579,115.97669560057737,112.97669560057737,114.97669560057737,2.0,sell,False,0,20,20,20,-1767.8616214335464,-1767.8616214335464,-1767.8616214335464,551.6722905780009
580,115.66572516198278,112.66572516198278,114.66572516198278,2.0,none,False,0,20,20,20,-1767.8616214335464,-1767.8616214335464,-1767.8616214335464,545.4528818061092
581,116.2262510196594,113.2262510196594,115.2262510196594,2.0,buy,True,1,20,19,19,-1767.8616214335464,-1652.635370413887,-1652.635370413887,555.6633989596417
582,117.15878024752762,114.25878024752761,116.25878024752761,2.0,sell,True,1,19,20,20,-1652.635370413887,-1766.8941506614144,-1766.8941506614144,576.2814542891381
583,116.26960594756316,113.26960594756316,115.26960594756316,2.0,buy,True,1,20,19,19,-1766.8941506614144,-1651.6245447138513,-1651.6245447138513,557.4979682898488
584,115.59892010734342,112.69892010734341,114.69892010734341,2.0,sell,True,1,19,20,20,-1651.6245447138513,-1764.3234648211946,-1764.3234648211946,547.6549373256739
585,115.29096627202716,112.29096627202716,114.29096627202716,2.0,none,False,0,20,20,20,-1764.3234648211946,-1764.3234648211946,-1764.3234648211946,541.4958606193486
586,116.08081810566941,113.08081810566941,115.08081810566941,2.0,none,False,0,20,20,20,-1764.3234648211946,-1764.3234648211946,-1764.3234648211946,557.2928972921936
587,115.5820287236334,112.5820287236334,114.5820287236334,2.0,sell,False,0,20,20,20,-1764.3234648211946,-1764.3234648211946,-1764.3234648211946,547.3171096514734
588,114.8323693138872,111.8323693138872,113.8323693138872,2.0,sell,False,0,20,20,20,-1764.3234648211946,-1764.3234648211946,-1764.3234648211946,532.3239214565492
589,114.83751560336972,111.83751560336972,113.83751560336972,2.0,sell,False,0,20,20,20,-1764.3234648211946,-1764.3234648211946,-1764.3234648211946,532.4268472461999
590,114.14590413712885,111.14590413712885,113.14590413712885,2.0,sell,False,0,20,20,20,-1764.3234648211946,-1764.3234648211946,-1764.3234648211946,518.5946179213825
591,114.35618195285257,111.35618195285257,113.35618195285257,2.0,none,False,0,20,20,20,-1764.3234648211946,-1764.3234648211946,-1764.3234648211946,522.8001742358565
592,114.48341802171515,111.48341802171515,113.48341802171515,2.0,none,False,0,20,20,20,-1764.3234648211946,-1764.3234648211946,-1764.3234648211946,525.3448956131083
593,113.5401649975129,110.5401649975129,112.5401649975129,2.0,sell,False,0,20,20,20,-1764.3234648211946,-1764.3234648211946,-1764.3234648211946,506.4798351290633
594,113.69370746046766,110.69370746046766,112.69370746046766,2.0,sell,False,0,20,20,20,-1764.3234648211946,-1764.3234648211946,-1764.3234648211946,509.5506843881585
595,113.52688102779416,110.52688102779416,112.52688102779416,2.0,buy,True,1,20,19,19,-1764.3234648211946,-1651.7965837934005,-1651.7965837934005,505.2141557346888
596,113.78120904839032,110.88120904839032,112.88120904839032,2.0,sell,True,1,19,20,20,-1651.7965837934005,-1762.6777928417907,-1762.6777928417907,512.9463881260156
597,113.74709868474116,110.74709868474116,112.74709868474116,2.0,none,False,0,20,20,20,-1762.6777928417907,-1762.6777928417907,-1762.6777928417907,512.2641808530323
598,114.11708036713252,111.11708036713252,113.11708036713252,2.0,buy,True,1,20,19,19,-1762.6777928417907,-1649.5607124746582,-1649.5607124746582,518.6638145008594
599,113.23690643300185,110.33690643300184,112.33690643300184,2.0,buy,True,1,19,18,18,-1649.5607124746582,-1537.2238060416564,-1537.2238060416564,501.0405097523769
600,112.64495246012865,109.84495246012865,111.84495246012865,2.0,buy,True,1,18,17,17,-1537.2238060416564,-1425.3788535815277,-1425.3788535815277,489.58533824065944
601,113.08167823035353,110.38167823035353,112.38167823035353,2.0,none,False,0,17,17,17,-1425.3788535815277,-1425.3788535815277,-1425.3788535815277,497.0096763344825
602,113.80323296186218,111.10323296186218,113.10323296186218,2.0,none,False,0,17,17,17,-1425.3788535815277,-1425.3788535815277,-1425.3788535815277,509.27610677012945
603,113.06476526496695,110.36476526496695,112.36476526496695,2.0,sell,True,1,17,18,18,-1425.3788535815277,-1535.7436188464947,-1535.7436188464947,499.4221559229104
604,112.70299703777327,109.90299703777328,111.90299703777328,2.0,buy,True,1,18,17,17,-1535.7436188464947,-1423.8406218087214,-1423.8406218087214,492.1103278334242
605,112.19883480282436,109.49883480282436,111.49883480282436,2.0,buy,True,1,17,16,16,-1423.8406218087214,-1312.341787005897,-1312.341787005897,482.83956983929284
606,111.96713446982757,109.36713446982758,111.36713446982758,2.0,buy,True,1,16,15,15,-1312.341787005897,-1200.9746525360695,-1200.9746525360695,478.532364511344
607,112.697749473269,110.197749473269,112.197749473269,2.0,buy,True,1,15,14,14,-1200.9746525360695,-1088.7769030628006,-1088.7769030628006,488.9915895629654
608,112.85312354905619,110.45312354905619,112.45312354905619,2.0,sell,True,1,14,15,15,-1088.7769030628006,-1199.2300266118568,-1199.2300266118568,493.5668266239861
609,112.84965463317602,110.34965463317602,112.34965463317602,2.0,buy,True,1,15,14,14,-1199.2300266118568,-1086.8803719786808,-1086.8803719786808,493.01479288578344
610,112.46673559728488,110.06673559728488,112.06673559728488,2.0,sell,True,1,14,15,15,-1086.8803719786808,-1196.9471075759657,-1196.9471075759657,490.0539263833075
611,112.47762452333242,109.97762452333242,111.97762452333242,2.0,none,False,0,15,15,15,-1196.9471075759657,-1196.9471075759657,-1196.9471075759657,490.21726027402065
612,111.90791336838491,109.40791336838491,111.40791336838491,2.0,buy,True,1,15,14,14,-1196.9471075759657,-1085.5391942075807,-1085.5391942075807,481.171592949808
613,111.89770177543527,109.49770177543526,111.49770177543526,2.0,none,False,0,14,14,14,-1085.5391942075807,-1085.5391942075807,-1085.5391942075807,481.02863064851294
614,112.2062218492145,109.8062218492145,111.8062218492145,2.0,sell,True,1,14,15,15,-1085.5391942075807,-1195.3454160567953,-1195.3454160567953,487.74791168142224
615,112.90056658000144,110.40056658000144,112.40056658000144,2.0,sell,True,1,15,16,16,-1195.3454160567953,-1305.7459826367967,-1305.7459826367967,500.6630826432263
616,113.35558270672023,110.75558270672023,112.75558270672023,2.0,none,False,0,16,16,16,-1305.7459826367967,-1305.7459826367967,-1305.7459826367967,507.9433406707269
617,113.08745741175535,110.48745741175536,112.48745741175536,2.0,sell,True,1,16,17,17,-1305.7459826367967,-1416.233440048552,-1416.233440048552,506.25333595128905
618,112.4767680155308,109.77676801553079,111.77676801553079,2.0,buy,True,1,17,16,16,-1416.233440048552,-1304.4566720330213,-1304.4566720330213,495.17161621547143
619,112.4852790737772,109.88527907377721,111.88527907377721,2.0,none,False,0,16,16,16,-1304.4566720330213,-1304.4566720330213,-1304.4566720330213,495.30779314741403
620,112.04472042902518,109.44472042902518,111.44472042902518,2.0,none,False,0,16,16,16,-1304.4566720330213,-1304.4566720330213,-1304.4566720330213,488.25885483138154
621,112.4055177092629,109.8055177092629,111.8055177092629,2.0,sell,True,1,16,17,17,-1304.4566720330213,-1414.2621897422841,-1414.2621897422841,496.6316113151852
622,112.19332513472011,109.49332513472011,111.49332513472011,2.0,none,False,0,17,17,17,-1414.2621897422841,-1414.2621897422841,-1414.2621897422841,493.02433754795766
623,111.87149573462524,109.17149573462524,111.17149573462524,2.0,none,False,0,17,17,17,-1414.2621897422841,-1414.2621897422841,-1414.2621897422841,487.5532377463451
624,112.38142607921083,109.68142607921082,111.68142607921082,2.0,sell,True,1,17,18,18,-1414.2621897422841,-1523.9436158214949,-1523.9436158214949,498.9220536042999
625,112.38158188635211,109.58158188635211,111.58158188635211,2.0,buy,True,1,18,17,17,-1523.9436158214949,-1412.3620339351428,-1412.3620339351428,498.124858132843
626,112.04766329705764,109.34766329705764,111.34766329705764,2.0,buy,True,1,17,16,16,-1412.3620339351428,-1301.0143706380852,-1301.0143706380852,491.748242114837
627,112.26018434186524,109.66018434186525,111.66018434186525,2.0,buy,True,1,16,15,15,-1301.0143706380852,-1189.35418629622,-1189.35418629622,494.54857883175873
628,112.4863205839946,109.9863205839946,111.9863205839946,2.0,sell,True,1,15,16,16,-1189.35418629622,-1299.3405068802144,-1299.3405068802144,500.4406224636991
629,112.9649593051418,110.36495930514181,112.36495930514181,2.0,buy,True,1,16,15,15,-1299.3405068802144,-1186.9755475750726,-1186.9755475750726,507.4988420020545
630,113.62153807705656,111.12153807705656,113.12153807705656,2.0,sell,True,1,15,16,16,-1186.9755475750726,-1298.0970856521292,-1298.0970856521292,519.8475235807757
631,113.22111920653138,110.62111920653139,112.62111920653139,2.0,none,False,0,16,16,16,-1298.0970856521292,-1298.0970856521292,-1298.0970856521292,513.440821652373
632,112.95783482626292,110.35783482626293,112.35783482626293,2.0,sell,True,1,16,17,17,-1298.0970856521292,-1408.454920478392,-1408.454920478392,511.82827156807775
633,113.1252391099605,110.4252391099605,112.4252391099605,2.0,none,False,0,17,17,17,-1408.454920478392,-1408.454920478392,-1408.454920478392,514.6741443909366
634,113.57588753506421,110.87588753506421,112.87588753506421,2.0,buy,True,1,17,16,16,-1408.454920478392,-1295.5790329433278,-1295.5790329433278,521.6351676176996
635,113.52506796323433,110.92506796323434,112.92506796323434,2.0,none,False,0,16,16,16,-1295.5790329433278,-1295.5790329433278,-1295.5790329433278,520.8220544684216
636,114.09087594609717,111.49087594609718,113.49087594609718,2.0,none,False,0,16,16,16,-1295.5790329433278,-1295.5790329433278,-1295.5790329433278,529.874982194227
637,114.24614473782553,111.64614473782554,113.64614473782554,2.0,none,False,0,16,16,16,-1295.5790329433278,-1295.5790329433278,-1295.5790329433278,532.3592828618807
638,114.41319129192081,111.81319129192082,113.81319129192082,2.0,sell,True,1,16,17,17,-1295.5790329433278,-1407.3922242352487,-1407.3922242352487,537.6320277274051
639,114.65266290292298,111.95266290292298,113.95266290292298,2.0,none,False,0,17,17,17,-1407.3922242352487,-1407.3922242352487,-1407.3922242352487,541.7030451144419
640,113.94821431952364,111.24821431952364,113.24821431952364,2.0,buy,True,1,17,16,16,-1407.3922242352487,-1294.144009915725,-1294.144009915725,529.0274191966532
641,114.84462466109224,112.24462466109225,114.24462466109225,2.0,buy,True,1,16,15,15,-1294.144009915725,-1179.8993852546328,-1179.8993852546328,542.7699846617509
642,114.47200962798395,111.97200962798395,113.97200962798395,2.0,sell,True,1,15,16,16,-1179.8993852546328,-1291.8713948826166,-1291.8713948826166,539.6807591651266
643,114.29276444662936,111.69276444662937,113.69276444662937,2.0,none,False,0,16,16,16,-1291.8713948826166,-1291.8713948826166,-1291.8713948826166,536.8128362634532
644,115.13380634642378,112.53380634642379,114.53380634642379,2.0,none,False,0,16,16,16,-1291.8713948826166,-1291.8713948826166,-1291.8713948826166,550.2695066601639
645,115.60548088896114,113.00548088896115,115.00548088896115,2.0,buy,True,1,16,15,15,-1291.8713948826166,-1176.8659139936556,-1176.8659139936556,557.2162993407615
646,115.02016429890362,112.52016429890362,114.52016429890362,2.0,sell,True,1,15,16,16,-1176.8659139936556,-1289.3860782925592,-1289.3860782925592,550.9365504898988
647,115.07111860170369,112.4711186017037,114.4711186017037,2.0,buy,True,1,16,15,15,-1289.3860782925592,-1174.9149596908555,-1174.9149596908555,551.1518193346997
648,115.8953669235517,113.3953669235517,115.3953669235517,2.0,buy,True,1,15,14,14,-1174.9149596908555,-1059.519592767304,-1059.519592767304,563.0155441624199
649,116.4393464918492,114.03934649184919,116.03934649184919,2.0,none,False,0,14,14,14,-1059.519592767304,-1059.519592767304,-1059.519592767304,570.6312581185848
650,116.72596469184812,114.32596469184811,116.32596469184811,2.0,sell,True,1,14,15,15,-1059.519592767304,-1173.8455574591521,-1173.8455574591521,577.0439129185697
651,116.11049303012155,113.61049303012155,115.61049303012155,2.0,sell,True,1,15,16,16,-1173.8455574591521,-1287.4560504892736,-1287.4560504892736,570.3118379926711
652,115.56022710610718,112.96022710610718,114.96022710610718,2.0,none,False,0,16,16,16,-1287.4560504892736,-1287.4560504892736,-1287.4560504892736,561.5075832084412
653,115.155456236661,112.555456236661,114.555456236661,2.0,buy,True,1,16,15,15,-1287.4560504892736,-1172.9005942526126,-1172.9005942526126,554.4312492973024
654,115.56543275614139,113.06543275614139,115.06543275614139,2.0,buy,True,1,15,14,14,-1172.9005942526126,-1057.835161496471,-1057.835161496471,560.0808970895084
655,116.43283350568299,114.03283350568299,116.03283350568299,2.0,none,False,0,14,14,14,-1057.835161496471,-1057.835161496471,-1057.835161496471,572.2245075830908
656,115.97974857919384,113.57974857919383,115.57974857919383,2.0,sell,True,1,14,15,15,-1057.835161496471,-1171.414910075665,-1171.414910075665,568.2813186122426
657,115.7391369499426,113.2391369499426,115.2391369499426,2.0,none,False,0,15,15,15,-1171.414910075665,-1171.414910075665,-1171.414910075665,564.6721441734742
658,116.37589187020373,113.87589187020373,115.87589187020373,2.0,none,False,0,15,15,15,-1171.414910075665,-1171.414910075665,-1171.414910075665,574.223467977391
659,116.98512353811687,114.48512353811687,116.48512353811687,2.0,buy,True,1,15,14,14,-1171.414910075665,-1054.9297865375481,-1054.9297865375481,582.8619429960879
660,117.41340611311365,115.01340611311365,117.01340611311365,2.0,buy,True,1,14,13,13,-1054.9297865375481,-937.9163804244345,-937.9163804244345,588.4578990460429
661,116.92629406406061,114.62629406406062,116.62629406406062,2.0,buy,True,1,13,12,12,-937.9163804244345,-821.2900863603738,-821.2900863603738,581.8254424083536
662,117.00344991147792,114.80344991147791,116.80344991147791,2.0,none,False,0,12,12,12,-821.2900863603738,-821.2900863603738,-821.2900863603738,582.7513125773612
663,117.39579251277156,115.19579251277156,117.19579251277156,2.0,sell,True,1,12,13,13,-821.2900863603738,-936.4858788731453,-936.4858788731453,589.659423792885
664,117.56945350991319,115.26945350991319,117.26945350991319,2.0,sell,True,1,13,14,14,-936.4858788731453,-1051.7553323830584,-1051.7553323830584,594.2170167557263
665,117.63153648937879,115.23153648937878,117.23153648937878,2.0,buy,True,1,14,13,13,-1051.7553323830584,-934.5237958936797,-934.5237958936797,594.6861784682445
666,117.4581392214753,115.15813922147531,117.15813922147531,2.0,none,False,0,13,13,13,-934.5237958936797,-934.5237958936797,-934.5237958936797,592.4320139854993
667,116.65922903103001,114.35922903103001,116.35922903103001,2.0,none,False,0,13,13,13,-934.5237958936797,-934.5237958936797,-934.5237958936797,582.0461815097104
668,115.66959192384427,113.36959192384427,115.36959192384427,2.0,sell,True,1,13,14,14,-934.5237958936797,-1047.893387817524,-1047.893387817524,571.4808991162959
669,115.48340682693804,113.08340682693803,115.08340682693803,2.0,none,False,0,14,14,14,-1047.893387817524,-1047.893387817524,-1047.893387817524,568.8743077596087
670,116.24020606996649,113.84020606996648,115.84020606996648,2.0,buy,True,1,14,13,13,-1047.893387817524,-932.0531817475575,-932.0531817475575,579.069497162007
671,117.16803414774836,114.86803414774836,116.86803414774836,2.0,sell,True,1,13,14,14,-932.0531817475575,-1046.9212158953057,-1046.9212158953057,593.4312621731713
672,117.98390806521961,115.5839080652196,117.5839080652196,2.0,sell,True,1,14,15,15,-1046.9212158953057,-1162.5051239605255,-1162.5051239605255,607.2534970177687
673,118.05421261900682,115.55421261900682,117.55421261900682,2.0,none,False,0,15,15,15,-1162.5051239605255,-1162.5051239605255,-1162.5051239605255,608.3080653245768
674,118.92755137850807,116.42755137850807,118.42755137850807,2.0,none,False,0,15,15,15,-1162.5051239605255,-1162.5051239605255,-1162.5051239605255,621.4081467170956
675,118.27768092947,115.77768092947,117.77768092947,2.0,none,False,0,15,15,15,-1162.5051239605255,-1162.5051239605255,-1162.5051239605255,611.6600899815244
676,117.62925834454772,115.12925834454772,117.12925834454772,2.0,none,False,0,15,15,15,-1162.5051239605255,-1162.5051239605255,-1162.5051239605255,601.9337512076904
677,118.62360195072475,116.12360195072475,118.12360195072475,2.0,buy,True,1,15,14,14,-1162.5051239605255,-1044.3815220098006,-1044.3815220098006,616.3489053003459
678,119.49681944028028,117.09681944028027,119.09681944028027,2.0,none,False,0,14,14,14,-1044.3815220098006,-1044.3815220098006,-1044.3815220098006,628.5739501541232
679,120.34889883607316,117.94889883607316,119.94889883607316,2.0,none,False,0,14,14,14,-1044.3815220098006,-1044.3815220098006,-1044.3815220098006,640.5030616952236
680,119.36743317303336,116.96743317303336,118.96743317303336,2.0,buy,True,1,14,13,13,-1044.3815220098006,-925.4140888367673,-925.4140888367673,626.3625424126664
681,120.33342094977537,118.03342094977538,120.03342094977538,2.0,sell,True,1,13,14,14,-925.4140888367673,-1043.4475097865427,-1043.4475097865427,641.2203835103126
682,120.42002191688933,118.02002191688932,120.02002191688932,2.0,sell,True,1,14,15,15,-1043.4475097865427,-1161.467531703432,-1161.467531703432,644.8327970499079
683,121.12214139404531,118.62214139404531,120.62214139404531,2.0,buy,True,1,15,14,14,-1161.467531703432,-1040.8453903093869,-1040.8453903093869,654.8645892072475
684,120.34743491608562,117.94743491608561,119.94743491608561,2.0,buy,True,1,14,13,13,-1040.8453903093869,-920.8979553933012,-920.8979553933012,643.6186985158118
685,119.86196467654466,117.56196467654466,119.56196467654466,2.0,sell,True,1,13,14,14,-920.8979553933012,-1038.4599200698458,-1038.4599200698458,639.6075854017795
686,120.44350000539517,118.04350000539516,120.04350000539516,2.0,sell,True,1,14,15,15,-1038.4599200698458,-1156.503420075241,-1156.503420075241,650.1490800056865
687,119.79448983307209,117.29448983307209,119.29448983307209,2.0,none,False,0,15,15,15,-1156.503420075241,-1156.503420075241,-1156.503420075241,640.4139274208405
688,120.58857535664004,118.08857535664004,120.08857535664004,2.0,none,False,0,15,15,15,-1156.503420075241,-1156.503420075241,-1156.503420075241,652.3252102743597
689,120.61913667455963,118.11913667455963,120.11913667455963,2.0,sell,True,1,15,16,16,-1156.503420075241,-1274.6225567498004,-1274.6225567498004,655.2836300431536
690,119.98869907665431,117.38869907665432,119.38869907665432,2.0,buy,True,1,16,15,15,-1274.6225567498004,-1155.233857673146,-1155.233857673146,644.5966284766687
691,119.4847932439886,116.9847932439886,118.9847932439886,2.0,buy,True,1,15,14,14,-1155.233857673146,-1036.2490644291574,-1036.2490644291574,636.538040986683
692,119.99230654755152,117.59230654755152,119.59230654755152,2.0,none,False,0,14,14,14,-1036.2490644291574,-1036.2490644291574,-1036.2490644291574,643.6432272365639
693,119.59619822693475,117.19619822693474,119.19619822693474,2.0,none,False,0,14,14,14,-1036.2490644291574,-1036.2490644291574,-1036.2490644291574,638.0977107479289
694,118.61906969532308,116.21906969532307,118.21906969532307,2.0,sell,True,1,14,15,15,-1036.2490644291574,-1152.4681341244805,-1152.4681341244805,626.8179113053657
695,117.74331835892414,115.24331835892414,117.24331835892414,2.0,buy,True,1,15,14,14,-1152.4681341244805,-1035.2248157655563,-1035.2248157655563,613.1816412593816
696,117.55415158486093,115.15415158486093,117.15415158486093,2.0,sell,True,1,14,15,15,-1035.2248157655563,-1150.3789673504173,-1150.3789673504173,612.9333064224968
697,117.96126565506545,115.46126565506545,117.46126565506545,2.0,buy,True,1,15,14,14,-1150.3789673504173,-1032.9177016953518,-1032.9177016953518,618.5400174755646
698,118.79352642676672,116.39352642676671,118.39352642676671,2.0,sell,True,1,14,15,15,-1032.9177016953518,-1149.3112281221186,-1149.3112281221186,632.5916682793822
699,118.2317836286374,115.7317836286374,117.7317836286374,2.0,buy,True,1,15,14,14,-1149.3112281221186,-1031.579444493481,-1031.579444493481,623.6655263074424
700,118.72725330293912,116.32725330293911,118.32725330293911,2.0,buy,True,1,14,13,13,-1031.579444493481,-913.252191190542,-913.252191190542,630.2021017476665
701,118.82572232057585,116.52572232057585,118.52572232057585,2.0,sell,True,1,13,14,14,-913.252191190542,-1029.777913511118,-1029.777913511118,633.7821989769438
702,119.15391119925518,116.75391119925517,118.75391119925517,2.0,buy,True,1,14,13,13,-1029.777913511118,-911.0240023118628,-911.0240023118628,637.9768432784546
703,119.66339029870491,117.36339029870491,119.36339029870491,2.0,none,False,0,13,13,13,-911.0240023118628,-911.0240023118628,-911.0240023118628,644.6000715713011
704,118.82713091165147,116.52713091165147,118.52713091165147,2.0,sell,True,1,13,14,14,-911.0240023118628,-1027.5511332235142,-1027.5511332235142,636.0286995396064
705,117.98333635594635,115.58333635594634,117.58333635594634,2.0,buy,True,1,14,13,13,-1027.5511332235142,-909.9677968675678,-909.9677968675678,623.8155757597347
706,118.07863485336821,115.77863485336822,117.77863485336822,2.0,sell,True,1,13,14,14,-909.9677968675678,-1025.746431720936,-1025.746431720936,627.3544562262191
707,117.37833961613305,114.97833961613304,116.97833961613304,2.0,sell,True,1,14,15,15,-1025.746431720936,-1140.7247713370691,-1140.7247713370691,619.9503229049267
708,116.61081966050237,114.11081966050237,116.11081966050237,2.0,sell,True,1,15,16,16,-1140.7247713370691,-1254.8355909975714,-1254.8355909975714,610.9375235704665
709,115.79270294940575,113.19270294940576,115.19270294940576,2.0,sell,True,1,16,17,17,-1254.8355909975714,-1368.028293946977,-1368.028293946977,600.4476561929207
710,115.69956754976532,112.99956754976532,114.99956754976532,2.0,buy,True,1,17,16,16,-1368.028293946977,-1253.0287263972118,-1253.0287263972118,598.1643543990333
711,114.81504111163036,112.21504111163037,114.21504111163037,2.0,sell,True,1,16,17,17,-1253.0287263972118,-1365.2437675088422,-1365.2437675088422,586.6119313888739
712,115.26160127128037,112.56160127128037,114.56160127128037,2.0,sell,True,1,17,18,18,-1365.2437675088422,-1477.8053687801225,-1477.8053687801225,596.9034541029241
713,115.753210236944,112.953210236944,114.953210236944,2.0,buy,True,1,18,17,17,-1477.8053687801225,-1362.8521585431786,-1362.8521585431786,604.9524154848693
714,115.44226797006827,112.74226797006827,114.74226797006827,2.0,sell,True,1,17,18,18,-1362.8521585431786,-1475.5944265132468,-1475.5944265132468,602.3663969479819
715,116.31143356783817,113.51143356783817,115.51143356783817,2.0,sell,True,1,18,19,19,-1475.5944265132468,-1589.105860081085,-1589.105860081085,620.8113777078399
716,115.37490330988432,112.47490330988431,114.47490330988431,2.0,sell,True,1,19,20,20,-1589.105860081085,-1701.5807633909692,-1701.5807633909692,605.9173028067173
717,115.90655867573174,112.90655867573174,114.90655867573174,2.0,none,False,0,20,20,20,-1701.5807633909692,-1701.5807633909692,-1701.5807633909692,616.5504101236659
718,116.19832031192607,113.19832031192607,115.19832031192607,2.0,sell,False,0,20,20,20,-1701.5807633909692,-1701.5807633909692,-1701.5807633909692,622.3856428475522
719,115.96327954962881,112.96327954962881,114.96327954962881,2.0,none,False,0,20,20,20,-1701.5807633909692,-1701.5807633909692,-1701.5807633909692,617.6848276016069
720,116.77681417267796,113.77681417267796,115.77681417267796,2.0,sell,False,0,20,20,20,-1701.5807633909692,-1701.5807633909692,-1701.5807633909692,633.9555200625898
721,117.1003992489289,114.1003992489289,116.1003992489289,2.0,sell,False,0,20,20,20,-1701.5807633909692,-1701.5807633909692,-1701.5807633909692,640.4272215876088
722,116.7959390232072,113.7959390232072,115.7959390232072,2.0,sell,False,0,20,20,20,-1701.5807633909692,-1701.5807633909692,-1701.5807633909692,634.3380170731746
723,116.85362410229521,113.85362410229521,115.85362410229521,2.0,none,False,0,20,20,20,-1701.5807633909692,-1701.5807633909692,-1701.5807633909692,635.4917186549353
724,116.29900453422775,113.29900453422775,115.29900453422775,2.0,buy,True,1,20,19,19,-1701.5807633909692,-1586.2817588567414,-1586.2817588567414,623.3993272935859
725,115.89573051163372,112.99573051163371,114.99573051163371,2.0,sell,True,1,19,20,20,-1586.2817588567414,-1699.277489368375,-1699.277489368375,618.6371208642995
726,115.95959772862723,112.95959772862723,114.95959772862723,2.0,none,False,0,20,20,20,-1699.277489368375,-1699.277489368375,-1699.277489368375,619.9144652041696
727,115.45462180563479,112.45462180563479,114.45462180563479,2.0,buy,True,1,20,19,19,-1699.277489368375,-1584.8228675627402,-1584.8228675627402,608.8149467443209
728,116.32944252790492,113.42944252790491,115.42944252790491,2.0,none,False,0,19,19,19,-1584.8228675627402,-1584.8228675627402,-1584.8228675627402,625.4365404674531
729,115.55513180543787,112.65513180543786,114.65513180543786,2.0,none,False,0,19,19,19,-1584.8228675627402,-1584.8228675627402,-1584.8228675627402,610.7246367405792
730,115.39361300242138,112.49361300242137,114.49361300242137,2.0,none,False,0,19,19,19,-1584.8228675627402,-1584.8228675627402,-1584.8228675627402,607.6557794832661
731,116.16112624611212,113.26112624611211,115.26112624611211,2.0,buy,True,1,19,18,18,-1584.8228675627402,-1469.561741316628,-1469.561741316628,621.33853111339
732,115.36291967229714,112.56291967229714,114.56291967229714,2.0,sell,True,1,18,19,19,-1469.561741316628,-1582.1246609889251,-1582.1246609889251,609.7708127847206
733,115.769492206027,112.86949220602699,114.86949220602699,2.0,sell,True,1,19,20,20,-1582.1246609889251,-1694.994153194952,-1694.994153194952,620.395690925588
734,115.57402290764881,112.57402290764881,114.57402290764881,2.0,buy,True,1,20,19,19,-1694.994153194952,-1580.4201302873032,-1580.4201302873032,615.4863049580242
735,116.30148339298893,113.40148339298892,115.40148339298892,2.0,sell,True,1,19,20,20,-1580.4201302873032,-1693.821613680292,-1693.821613680292,632.2080541794867
736,115.88001029569676,112.88001029569676,114.88001029569676,2.0,none,False,0,20,20,20,-1693.821613680292,-1693.821613680292,-1693.821613680292,623.7785922336434
737,116.3430452619288,113.3430452619288,115.3430452619288,2.0,sell,False,0,20,20,20,-1693.821613680292,-1693.821613680292,-1693.821613680292,633.0392915582838
738,116.68810906480262,113.68810906480262,115.68810906480262,2.0,buy,True,1,20,19,19,-1693.821613680292,-1578.1335046154895,-1578.1335046154895,638.9405676157603
739,115.97462993312928,113.07462993312927,115.07462993312927,2.0,buy,True,1,19,18,18,-1578.1335046154895,-1463.0588746823603,-1463.0588746823603,624.4844641139669
740,115.57563184064412,112.77563184064412,114.77563184064412,2.0,sell,True,1,18,19,19,-1463.0588746823603,-1575.8345065230044,-1575.8345065230044,620.102498449234
741,116.33505962257189,113.43505962257188,115.43505962257188,2.0,none,False,0,19,19,19,-1575.8345065230044,-1575.8345065230044,-1575.8345065230044,634.5316263058614
742,116.58704589786855,113.68704589786854,115.68704589786854,2.0,buy,True,1,19,18,18,-1575.8345065230044,-1460.1474606251359,-1460.1474606251359,638.4193655364979
743,117.53162636855592,114.73162636855592,116.73162636855592,2.0,none,False,0,18,18,18,-1460.1474606251359,-1460.1474606251359,-1460.1474606251359,655.4218140088706
744,117.87431141804737,115.07431141804737,117.07431141804737,2.0,none,False,0,18,18,18,-1460.1474606251359,-1460.1474606251359,-1460.1474606251359,661.590144899717
745,117.51178033267999,114.71178033268,116.71178033268,2.0,buy,True,1,18,17,17,-1460.1474606251359,-1343.4356802924558,-1343.4356802924558,654.2645853631041
746,117.26470070969425,114.56470070969425,116.56470070969425,2.0,none,False,0,17,17,17,-1343.4356802924558,-1343.4356802924558,-1343.4356802924558,650.0642317723466
747,117.21173835051869,114.51173835051868,116.51173835051868,2.0,none,False,0,17,17,17,-1343.4356802924558,-1343.4356802924558,-1343.4356802924558,649.163871666362
748,116.81321118810898,114.11321118810898,116.11321118810898,2.0,none,False,0,17,17,17,-1343.4356802924558,-1343.4356802924558,-1343.4356802924558,642.3889099053968
749,117.42476350797875,114.72476350797875,116.72476350797875,2.0,none,False,0,17,17,17,-1343.4356802924558,-1343.4356802924558,-1343.4356802924558,652.7852993431829
750,117.54953540715258,114.84953540715257,116.84953540715257,2.0,none,False,0,17,17,17,-1343.4356802924558,-1343.4356802924558,-1343.4356802924558,654.9064216291381
751,117.66410892355113,114.96410892355112,116.96410892355112,2.0,buy,True,1,17,16,16,-1343.4356802924558,-1226.4715713689047,-1226.4715713689047,656.1541714079133
752,117.07078238967124,114.47078238967124,116.47078238967124,2.0,sell,True,1,16,17,17,-1226.4715713689047,-1340.942353758576,-1340.942353758576,649.260946865835
753,117.76504916151046,115.06504916151046,117.06504916151046,2.0,sell,True,1,17,18,18,-1340.942353758576,-1456.0074029200864,-1456.0074029200864,663.7634819871018
754,117.14601239837194,114.34601239837194,116.34601239837194,2.0,sell,True,1,18,19,19,-1456.0074029200864,-1570.3534153184582,-1570.3534153184582,655.4208202506084
755,117.3518564883501,114.45185648835009,116.45185648835009,2.0,none,False,0,19,19,19,-1570.3534153184582,-1570.3534153184582,-1570.3534153184582,659.3318579601937
756,116.7281830762156,113.8281830762156,115.8281830762156,2.0,none,False,0,19,19,19,-1570.3534153184582,-1570.3534153184582,-1570.3534153184582,647.4820631296379
757,117.1767935559199,114.2767935559199,116.2767935559199,2.0,buy,True,1,19,18,18,-1570.3534153184582,-1454.0766217625383,-1454.0766217625383,655.1056622440201
758,117.91574125896898,115.11574125896898,117.11574125896898,2.0,sell,True,1,18,19,19,-1454.0766217625383,-1569.1923630215072,-1569.1923630215072,671.2067208989035
759,116.94640867142597,114.04640867142597,116.04640867142597,2.0,none,False,0,19,19,19,-1569.1923630215072,-1569.1923630215072,-1569.1923630215072,652.7894017355864
760,117.87056378365489,114.97056378365488,116.97056378365488,2.0,sell,True,1,19,20,20,-1569.1923630215072,-1684.162926805162,-1684.162926805162,673.2483488679359
761,117.82840553633962,114.82840553633962,116.82840553633962,2.0,sell,False,0,20,20,20,-1684.162926805162,-1684.162926805162,-1684.162926805162,672.4051839216304
762,117.2374318222954,114.2374318222954,116.2374318222954,2.0,none,False,0,20,20,20,-1684.162926805162,-1684.162926805162,-1684.162926805162,660.5857096407462
763,117.34159040739104,114.34159040739104,116.34159040739104,2.0,none,False,0,20,20,20,-1684.162926805162,-1684.162926805162,-1684.162926805162,662.668881342659
764,117.10291389613688,114.10291389613688,116.10291389613688,2.0,buy,True,1,20,19,19,-1684.162926805162,-1568.060012909025,-1568.060012909025,656.8953511175757
765,116.62603715090759,113.72603715090759,115.72603715090759,2.0,buy,True,1,19,18,18,-1568.060012909025,-1452.3339757581175,-1452.3339757581175,646.9346929582193
766,115.82325361403855,113.02325361403855,115.02325361403855,2.0,none,False,0,18,18,18,-1452.3339757581175,-1452.3339757581175,-1452.3339757581175,632.4845892945764
767,115.76223445808367,112.96223445808367,114.96223445808367,2.0,none,False,0,18,18,18,-1452.3339757581175,-1452.3339757581175,-1452.3339757581175,631.3862444873885
768,116.59089545587865,113.79089545587865,115.79089545587865,2.0,buy,True,1,18,17,17,-1452.3339757581175,-1336.5430803022389,-1336.5430803022389,645.5021424476981
769,116.71594491080737,114.01594491080736,116.01594491080736,2.0,buy,True,1,17,16,16,-1336.5430803022389,-1220.5271353914316,-1220.5271353914316,646.9279831814863
770,116.2374931306269,113.63749313062691,115.63749313062691,2.0,none,False,0,16,16,16,-1220.5271353914316,-1220.5271353914316,-1220.5271353914316,639.2727546985989
771,116.3957789827017,113.7957789827017,115.7957789827017,2.0,buy,True,1,16,15,15,-1220.5271353914316,-1104.7313564087299,-1104.7313564087299,641.2053283317955
772,116.05550955465742,113.55550955465742,115.55550955465742,2.0,sell,True,1,15,16,16,-1104.7313564087299,-1218.2868659633873,-1218.2868659633873,638.6012869111314
773,116.05411251939607,113.45411251939608,115.45411251939608,2.0,sell,True,1,16,17,17,-1218.2868659633873,-1331.7409784827835,-1331.7409784827835,641.1789343469497
774,115.56876603466584,112.86876603466584,114.86876603466584,2.0,none,False,0,17,17,17,-1331.7409784827835,-1331.7409784827835,-1331.7409784827835,632.9280441065359
775,116.50178256916652,113.80178256916652,115.80178256916652,2.0,buy,True,1,17,16,16,-1331.7409784827835,-1215.939195913617,-1215.939195913617,648.0893251930474
776,115.8382498610696,113.2382498610696,115.2382498610696,2.0,none,False,0,16,16,16,-1215.939195913617,-1215.939195913617,-1215.939195913617,637.4728018634967
777,115.17678128278996,112.57678128278997,114.57678128278997,2.0,none,False,0,16,16,16,-1215.939195913617,-1215.939195913617,-1215.939195913617,626.8893046110225
778,115.15341392529822,112.55341392529823,114.55341392529823,2.0,none,False,0,16,16,16,-1215.939195913617,-1215.939195913617,-1215.939195913617,626.5154268911547
779,115.23768763600093,112.63768763600093,114.63768763600093,2.0,buy,True,1,16,15,15,-1215.939195913617,-1101.301508277616,-1101.301508277616,627.263806262398
780,114.30533515033031,111.80533515033031,113.80533515033031,2.0,none,False,0,15,15,15,-1101.301508277616,-1101.301508277616,-1101.301508277616,613.2785189773385
781,115.1957113727321,112.6957113727321,114.6957113727321,2.0,sell,True,1,15,16,16,-1101.301508277616,-1213.9972196503481,-1213.9972196503481,629.1341623133656
782,115.02049581756329,112.42049581756329,114.42049581756329,2.0,none,False,0,16,16,16,-1213.9972196503481,-1213.9972196503481,-1213.9972196503481,626.3307134306644
783,114.48336260171818,111.88336260171819,113.88336260171819,2.0,none,False,0,16,16,16,-1213.9972196503481,-1213.9972196503481,-1213.9972196503481,617.7365819771428
784,113.5016455250995,110.90164552509951,112.90164552509951,2.0,buy,True,1,16,15,15,-1213.9972196503481,-1101.0955741252487,-1101.0955741252487,601.4291087512438
785,113.73731599685311,111.23731599685311,113.23731599685311,2.0,sell,True,1,15,16,16,-1101.0955741252487,-1212.3328901221018,-1212.3328901221018,607.464165827548
786,113.70372430409677,111.10372430409677,113.10372430409677,2.0,buy,True,1,16,15,15,-1212.3328901221018,-1099.2291658180052,-1099.2291658180052,606.3266987434463
787,113.80701142591928,111.30701142591928,113.30701142591928,2.0,sell,True,1,15,16,16,-1099.2291658180052,-1210.5361772439244,-1210.5361772439244,610.3760055707842
788,113.35649290031495,110.75649290031495,112.75649290031495,2.0,none,False,0,16,16,16,-1210.5361772439244,-1210.5361772439244,-1210.5361772439244,603.1677091611148
789,112.3907780955198,109.79077809551981,111.79077809551981,2.0,none,False,0,16,16,16,-1210.5361772439244,-1210.5361772439244,-1210.5361772439244,587.7162722843925
790,112.73884399975823,110.13884399975824,112.13884399975824,2.0,none,False,0,16,16,16,-1210.5361772439244,-1210.5361772439244,-1210.5361772439244,593.2853267522073
791,113.55839073175576,110.95839073175577,112.95839073175577,2.0,buy,True,1,16,15,15,-1210.5361772439244,-1097.5777865121686,-1097.5777865121686,605.7980744641679
792,112.85618570323626,110.35618570323626,112.35618570323626,2.0,sell,True,1,15,16,16,-1097.5777865121686,-1207.9339722154048,-1207.9339722154048,597.7649990363755
793,113.48661448466282,110.88661448466283,112.88661448466283,2.0,buy,True,1,16,15,15,-1207.9339722154048,-1095.0473577307419,-1095.0473577307419,607.2518595392005
794,113.23271765159019,110.73271765159019,112.73271765159019,2.0,sell,True,1,15,16,16,-1095.0473577307419,-1205.7800753823321,-1205.7800753823321,605.9434070431109
795,114.21318371486964,111.61318371486965,113.61318371486965,2.0,sell,True,1,16,17,17,-1205.7800753823321,-1317.3932590972017,-1317.3932590972017,624.2308640555823
796,114.90891791893272,112.20891791893271,114.20891791893271,2.0,sell,True,1,17,18,18,-1317.3932590972017,-1429.6021770161344,-1429.6021770161344,638.7583455246543
797,115.42808961928641,112.62808961928641,114.62808961928641,2.0,buy,True,1,18,17,17,-1429.6021770161344,-1314.974087396848,-1314.974087396848,647.3034361310208
798,115.53349249834581,112.8334924983458,114.8334924983458,2.0,buy,True,1,17,16,16,-1314.974087396848,-1200.1405948985023,-1200.1405948985023,648.3952850750306
799,114.87625964878791,112.27625964878791,114.27625964878791,2.0,buy,True,1,16,15,15,-1200.1405948985023,-1085.8643352497143,-1085.8643352497143,637.2795594821043
800,115.44501227036812,112.94501227036812,114.94501227036812,2.0,sell,True,1,15,16,16,-1085.8643352497143,-1198.8093475200824,-1198.8093475200824,648.3108488058076
801,114.63573594130959,112.0357359413096,114.0357359413096,2.0,buy,True,1,16,15,15,-1198.8093475200824,-1084.7736115787727,-1084.7736115787727,634.7624275408712
802,114.05857005307868,111.55857005307868,113.55857005307868,2.0,none,False,0,15,15,15,-1084.7736115787727,-1084.7736115787727,-1084.7736115787727,626.1049392174075
803,114.83367866714767,112.33367866714767,114.33367866714767,2.0,buy,True,1,15,14,14,-1084.7736115787727,-970.4399329116251,-970.4399329116251,637.2315684284423
804,113.98237478699897,111.58237478699897,113.58237478699897,2.0,none,False,0,14,14,14,-970.4399329116251,-970.4399329116251,-970.4399329116251,625.3133141063605
805,114.78099808872899,112.38099808872899,114.38099808872899,2.0,buy,True,1,14,13,13,-970.4399329116251,-856.058934822896,-856.058934822896,636.0940403305809
806,115.63853081123831,113.33853081123831,115.33853081123831,2.0,sell,True,1,13,14,14,-856.058934822896,-969.3974656341344,-969.3974656341344,649.541965723202
807,115.81260301940729,113.41260301940729,115.41260301940729,2.0,none,False,0,14,14,14,-969.3974656341344,-969.3974656341344,-969.3974656341344,651.9789766375676
808,116.23802581930602,113.83802581930601,115.83802581930601,2.0,buy,True,1,14,13,13,-969.3974656341344,-853.5594398148284,-853.5594398148284,657.53489583615
809,115.56292632073543,113.26292632073543,115.26292632073543,2.0,sell,True,1,13,14,14,-853.5594398148284,-966.8223661355638,-966.8223661355638,651.0586023547322
810,115.34123953547015,112.94123953547015,114.94123953547015,2.0,none,False,0,14,14,14,-966.8223661355638,-966.8223661355638,-966.8223661355638,647.9549873610184
811,115.00469921471381,112.6046992147138,114.6046992147138,2.0,none,False,0,14,14,14,-966.8223661355638,-966.8223661355638,-966.8223661355638,643.2434228704295
812,114.2846004031842,111.8846004031842,113.8846004031842,2.0,none,False,0,14,14,14,-966.8223661355638,-966.8223661355638,-966.8223661355638,633.162039509015
813,114.73292754337282,112.33292754337282,114.33292754337282,2.0,sell,True,1,14,15,15,-966.8223661355638,-1079.1552936789367,-1079.1552936789367,641.8386194716556
814,113.84032040726761,111.34032040726761,113.34032040726761,2.0,sell,True,1,15,16,16,-1079.1552936789367,-1190.4956140862043,-1190.4956140862043,630.9495124300774
815,113.52150590021782,110.92150590021782,112.92150590021782,2.0,none,False,0,16,16,16,-1190.4956140862043,-1190.4956140862043,-1190.4956140862043,625.8484803172807
816,114.43122269404715,111.83122269404716,113.83122269404716,2.0,sell,True,1,16,17,17,-1190.4956140862043,-1302.3268367802516,-1302.3268367802516,643.00394901855
817,113.49047401193748,110.79047401193748,112.79047401193748,2.0,sell,True,1,17,18,18,-1302.3268367802516,-1413.117310792189,-1413.117310792189,629.7112214226856
818,113.47168092415906,110.67168092415906,112.67168092415906,2.0,sell,True,1,18,19,19,-1413.117310792189,-1523.7889917163482,-1523.7889917163482,632.1729458426742
819,113.33537681663815,110.43537681663814,112.43537681663814,2.0,sell,True,1,19,20,20,-1523.7889917163482,-1634.2243685329863,-1634.2243685329863,632.4831677997768
820,112.50676505191161,109.50676505191161,111.50676505191161,2.0,sell,False,0,20,20,20,-1634.2243685329863,-1634.2243685329863,-1634.2243685329863,615.9109325052459
821,112.93298211726838,109.93298211726838,111.93298211726838,2.0,buy,True,1,20,19,19,-1634.2243685329863,-1522.2913864157179,-1522.2913864157179,623.4352738123814
822,113.35633642682562,110.45633642682562,112.45633642682562,2.0,sell,True,1,19,20,20,-1522.2913864157179,-1632.7477228425435,-1632.7477228425435,634.379005693969
823,112.9896928841887,109.9896928841887,111.9896928841887,2.0,buy,True,1,20,19,19,-1632.7477228425435,-1520.7580299583547,-1520.7580299583547,626.0461348412305
824,112.60622779446129,109.70622779446128,111.70622779446128,2.0,buy,True,1,19,18,18,-1520.7580299583547,-1409.0518021638934,-1409.0518021638934,617.8602981364099
825,111.87124180344969,109.0712418034497,111.0712418034497,2.0,buy,True,1,18,17,17,-1409.0518021638934,-1297.9805603604436,-1297.9805603604436,603.8305502982012
826,111.98072180466743,109.28072180466742,111.28072180466742,2.0,buy,True,1,17,16,16,-1297.9805603604436,-1186.6998385557763,-1186.6998385557763,604.9917103189025
827,111.68855037935795,109.08855037935795,111.08855037935795,2.0,sell,True,1,16,17,17,-1186.6998385557763,-1295.7883889351342,-1295.7883889351342,602.916967513951
828,111.33741104050277,108.63741104050277,110.63741104050277,2.0,buy,True,1,17,16,16,-1295.7883889351342,-1185.1509778946315,-1185.1509778946315,596.2475987534128
829,111.11301015925956,108.51301015925957,110.51301015925957,2.0,sell,True,1,16,17,17,-1185.1509778946315,-1293.663988053891,-1293.663988053891,595.2571846535216
830,111.92342530788628,109.22342530788627,111.22342530788627,2.0,none,False,0,17,17,17,-1293.663988053891,-1293.663988053891,-1293.663988053891,609.0342421801756
831,112.06734616938536,109.36734616938536,111.36734616938536,2.0,buy,True,1,17,16,16,-1293.663988053891,-1182.2966418845056,-1182.2966418845056,610.7808968256602
832,111.3450262873042,108.7450262873042,110.7450262873042,2.0,buy,True,1,16,15,15,-1182.2966418845056,-1071.5516155972014,-1071.5516155972014,598.6237787123616
833,110.47156058785811,107.97156058785811,109.97156058785811,2.0,buy,True,1,15,14,14,-1071.5516155972014,-961.5800550093433,-961.5800550093433,585.0217932206702
834,110.44002321572596,108.04002321572595,110.04002321572595,2.0,buy,True,1,14,13,13,-961.5800550093433,-851.5400317936173,-851.5400317936173,584.1802700108201
835,109.93320335241997,107.63320335241997,109.63320335241997,2.0,sell,True,1,13,14,14,-851.5400317936173,-959.1732351460373,-959.1732351460373,579.8916117878423
836,109.32429980218049,106.92429980218049,108.92429980218049,2.0,buy,True,1,14,13,13,-959.1732351460373,-850.2489353438568,-850.2489353438568,570.9669620844895
837,110.22194672696962,107.92194672696962,109.92194672696962,2.0,sell,True,1,13,14,14,-850.2489353438568,-958.1708820708265,-958.1708820708265,584.9363721067483
838,110.83009965088438,108.43009965088437,110.43009965088437,2.0,buy,True,1,14,13,13,-958.1708820708265,-847.7407824199421,-847.7407824199421,593.0505130415548
839,111.46105059089038,109.16105059089038,111.16105059089038,2.0,none,False,0,13,13,13,-847.7407824199421,-847.7407824199421,-847.7407824199421,601.2528752616328
840,112.40950134389959,110.1095013438996,112.1095013438996,2.0,buy,True,1,13,12,12,-847.7407824199421,-735.6312810760425,-735.6312810760425,613.2827350507526
841,113.30405918793183,111.10405918793182,113.10405918793182,2.0,buy,True,1,12,11,11,-735.6312810760425,-622.5272218881106,-622.5272218881106,623.8174291791396
842,114.23320843412141,112.13320843412141,114.13320843412141,2.0,none,False,0,11,11,11,-622.5272218881106,-622.5272218881106,-622.5272218881106,634.038070887225
843,113.81610473728152,111.71610473728153,113.71610473728153,2.0,buy,True,1,11,10,10,-622.5272218881106,-508.8111171508291,-508.8111171508291,629.349930221986
844,113.96786330053145,111.96786330053145,113.96786330053145,2.0,buy,True,1,10,9,9,-508.8111171508291,-394.84325385029763,-394.84325385029763,630.8675158544853
845,114.60085233139728,112.70085233139727,114.70085233139727,2.0,buy,True,1,9,8,8,-394.84325385029763,-280.14240151890033,-280.14240151890033,636.6644171322779
846,114.72855334865486,112.92855334865486,114.92855334865486,2.0,sell,True,1,8,9,9,-280.14240151890033,-393.0709548675552,-393.0709548675552,639.4860252703386
847,115.09197861491504,113.19197861491503,115.19197861491503,2.0,sell,True,1,9,10,10,-393.0709548675552,-506.2629334824702,-506.2629334824702,644.65685266668
848,115.01522306058133,113.01522306058133,115.01522306058133,2.0,none,False,0,10,10,10,-506.2629334824702,-506.2629334824702,-506.2629334824702,643.8892971233432
849,114.89213296919915,112.89213296919915,114.89213296919915,2.0,sell,True,1,10,11,11,-506.2629334824702,-619.1550664516693,-619.1550664516693,644.6583962095214
850,115.53006410520807,113.43006410520807,115.43006410520807,2.0,none,False,0,11,11,11,-619.1550664516693,-619.1550664516693,-619.1550664516693,651.6756387056195
851,115.34834728569787,113.24834728569788,115.24834728569788,2.0,sell,True,1,11,12,12,-619.1550664516693,-732.4034137373671,-732.4034137373671,651.7767536910073
852,114.83238962103947,112.63238962103947,114.63238962103947,2.0,sell,True,1,12,13,13,-732.4034137373671,-845.0358033584066,-845.0358033584066,647.7852617151066
853,115.4105431474796,113.1105431474796,115.1105431474796,2.0,sell,True,1,13,14,14,-845.0358033584066,-958.1463465058862,-958.1463465058862,657.6012575588281
854,115.36901254702485,112.96901254702485,114.96901254702485,2.0,sell,True,1,14,15,15,-958.1463465058862,-1071.1153590529111,-1071.1153590529111,659.4198291524617
855,116.20979691598144,113.70979691598144,115.70979691598144,2.0,sell,True,1,15,16,16,-1071.1153590529111,-1184.8251559688927,-1184.8251559688927,674.5315946868104
856,116.79123875007996,114.19123875007996,116.19123875007996,2.0,sell,True,1,16,17,17,-1184.8251559688927,-1299.0163947189726,-1299.0163947189726,686.4346640323865
857,116.86505072212913,114.16505072212912,116.16505072212912,2.0,buy,True,1,17,16,16,-1299.0163947189726,-1182.8513439968435,-1182.8513439968435,686.9894675572225
858,117.4029588179692,114.80295881796921,116.80295881796921,2.0,buy,True,1,16,15,15,-1182.8513439968435,-1066.0483851788742,-1066.0483851788742,694.9959970906639
859,117.69695851393601,115.19695851393601,117.19695851393601,2.0,sell,True,1,15,16,16,-1066.0483851788742,-1181.2453436928104,-1181.2453436928104,701.9059925301658
860,118.05190230566438,115.45190230566439,117.45190230566439,2.0,sell,True,1,16,17,17,-1181.2453436928104,-1296.6972459984747,-1296.6972459984747,710.1850931978199
861,118.98333586109204,116.28333586109204,118.28333586109204,2.0,buy,True,1,17,16,16,-1296.6972459984747,-1178.4139101373826,-1178.4139101373826,725.3194636400901
862,118.50081260189936,115.90081260189936,117.90081260189936,2.0,sell,True,1,16,17,17,-1178.4139101373826,-1294.314722739282,-1294.314722739282,720.199091493007
863,118.66184919294736,115.96184919294735,117.96184919294735,2.0,buy,True,1,17,16,16,-1294.314722739282,-1176.3528735463346,-1176.3528735463346,722.2367135408231
864,118.44411753030236,115.84411753030237,117.84411753030237,2.0,none,False,0,16,16,16,-1176.3528735463346,-1176.3528735463346,-1176.3528735463346,718.7530069385032
865,118.62129744338266,116.02129744338266,118.02129744338266,2.0,buy,True,1,16,15,15,-1176.3528735463346,-1058.3315761029519,-1058.3315761029519,720.987885547788
866,117.6704227494342,115.1704227494342,117.1704227494342,2.0,buy,True,1,15,14,14,-1058.3315761029519,-941.1611533535176,-941.1611533535176,706.224765138561
867,118.59387848079413,116.19387848079413,118.19387848079413,2.0,sell,True,1,14,15,15,-941.1611533535176,-1057.3550318343118,-1057.3550318343118,721.5531453776002
868,117.87722883445723,115.37722883445723,117.37722883445723,2.0,buy,True,1,15,14,14,-1057.3550318343118,-939.9778029998546,-939.9778029998546,710.3034006825466
869,117.29096348687386,114.89096348687386,116.89096348687386,2.0,buy,True,1,14,13,13,-939.9778029998546,-823.0868395129808,-823.0868395129808,701.6956858163794
870,117.16729536341992,114.86729536341993,116.86729536341993,2.0,buy,True,1,13,12,12,-823.0868395129808,-706.2195441495609,-706.2195441495609,699.7880002114781
871,116.76782352978381,114.56782352978381,116.56782352978381,2.0,none,False,0,12,12,12,-706.2195441495609,-706.2195441495609,-706.2195441495609,694.9943382078449
872,115.99799406318138,113.79799406318138,115.79799406318138,2.0,none,False,0,12,12,12,-706.2195441495609,-706.2195441495609,-706.2195441495609,685.7563846086156
873,116.2939338977368,114.0939338977368,116.0939338977368,2.0,buy,True,1,12,11,11,-706.2195441495609,-590.1256102518241,-590.1256102518241,689.1076626232807
874,117.26173483891336,115.16173483891336,117.16173483891336,2.0,buy,True,1,11,10,10,-590.1256102518241,-472.96387541291074,-472.96387541291074,699.6534729762227
875,116.58200626134408,114.58200626134408,116.58200626134408,2.0,sell,True,1,10,11,11,-472.96387541291074,-587.5458816742548,-587.5458816742548,694.85618720053
876,116.0457173561669,113.94571735616691,115.94571735616691,2.0,buy,True,1,11,10,10,-587.5458816742548,-471.6001643180879,-471.6001643180879,688.8570092435813
877,116.32667510948706,114.32667510948706,116.32667510948706,2.0,buy,True,1,10,9,9,-471.6001643180879,-355.27348920860084,-355.27348920860084,691.6665867767828
878,116.5548889842309,114.6548889842309,116.6548889842309,2.0,sell,True,1,9,10,10,-355.27348920860084,-469.9283781928317,-469.9283781928317,695.6205116494774
879,116.33256054494231,114.33256054494231,116.33256054494231,2.0,none,False,0,10,10,10,-469.9283781928317,-469.9283781928317,-469.9283781928317,693.3972272565915
880,115.74412950367696,113.74412950367696,115.74412950367696,2.0,none,False,0,10,10,10,-469.9283781928317,-469.9283781928317,-469.9283781928317,687.5129168439379
881,116.36158908093948,114.36158908093948,116.36158908093948,2.0,buy,True,1,10,9,9,-469.9283781928317,-353.5667891118922,-353.5667891118922,693.6875126165633
882,117.10554774095925,115.20554774095925,117.20554774095925,2.0,buy,True,1,9,8,8,-353.5667891118922,-236.36124137093296,-236.36124137093296,700.4831405567411
883,117.02064858537162,115.22064858537162,117.22064858537162,2.0,sell,True,1,8,9,9,-236.36124137093296,-351.58188995630456,-351.58188995630456,701.60394731204
884,117.07607862462719,115.17607862462718,117.17607862462718,2.0,sell,True,1,9,10,10,-351.58188995630456,-466.75796858093173,-466.75796858093173,704.0028176653402
885,117.29869546690519,115.29869546690519,117.29869546690519,2.0,buy,True,1,10,9,9,-466.75796858093173,-349.45927311402653,-349.45927311402653,706.2289860881201
886,117.98973107224431,116.0897310722443,118.0897310722443,2.0,sell,True,1,9,10,10,-349.45927311402653,-465.54900418627085,-465.54900418627085,714.3483065361722
887,118.40170779413627,116.40170779413627,118.40170779413627,2.0,sell,True,1,10,11,11,-465.54900418627085,-581.9507119804072,-581.9507119804072,720.4680737550917
888,117.57121173138233,115.47121173138234,117.47121173138234,2.0,buy,True,1,11,10,10,-581.9507119804072,-464.4795002490248,-464.4795002490248,711.2326170647987
889,117.18197173645333,115.18197173645333,117.18197173645333,2.0,sell,True,1,10,11,11,-464.4795002490248,-579.6614719854781,-579.6614719854781,709.3402171155085
890,117.20362147542765,115.10362147542766,117.10362147542766,2.0,buy,True,1,11,10,10,-579.6614719854781,-462.55785051005046,-462.55785051005046,709.478364244226
891,116.97104140110302,114.97104140110302,116.97104140110302,2.0,sell,True,1,10,11,11,-462.55785051005046,-577.5288919111534,-577.5288919111534,709.1525635009799
892,117.35790725416173,115.25790725416174,117.25790725416174,2.0,sell,True,1,11,12,12,-577.5288919111534,-692.7867991653152,-692.7867991653152,715.5080878846256
893,117.46773240582672,115.26773240582672,117.26773240582672,2.0,buy,True,1,12,11,11,-692.7867991653152,-575.5190667594885,-575.5190667594885,716.6259897046056
894,117.0968924351484,114.99689243514841,116.99689243514841,2.0,buy,True,1,11,10,10,-575.5190667594885,-458.5221743243401,-458.5221743243401,712.4467500271439
895,116.81497077949115,114.81497077949115,116.81497077949115,2.0,buy,True,1,10,9,9,-458.5221743243401,-341.70720354484894,-341.70720354484894,709.6275334705715
896,117.44540266079888,115.54540266079887,117.54540266079887,2.0,none,False,0,9,9,9,-341.70720354484894,-341.70720354484894,-341.70720354484894,715.3014204023409
897,117.45627870026021,115.55627870026021,117.55627870026021,2.0,sell,True,1,9,10,10,-341.70720354484894,-457.2634822451091,-457.2634822451091,717.299304757493
898,117.28753957080843,115.28753957080843,117.28753957080843,2.0,none,False,0,10,10,10,-457.2634822451091,-457.2634822451091,-457.2634822451091,715.6119134629753
899,117.2649385946878,115.2649385946878,117.2649385946878,2.0,buy,True,1,10,9,9,-457.2634822451091,-339.9985436504213,-339.9985436504213,715.385903701769
900,117.78705183177865,115.88705183177865,117.88705183177865,2.0,buy,True,1,9,8,8,-339.9985436504213,-222.11149181864266,-222.11149181864266,720.1849228355866
901,117.8622690681883,116.0622690681883,118.0622690681883,2.0,buy,True,1,8,7,7,-222.11149181864266,-104.04922275045436,-104.04922275045436,720.9866607268636
902,118.34730557204787,116.64730557204787,118.64730557204787,2.0,none,False,0,7,7,7,-104.04922275045436,-104.04922275045436,-104.04922275045436,724.3819162538807
903,118.44675794112398,116.74675794112397,118.74675794112397,2.0,buy,True,1,7,6,6,-104.04922275045436,14.697535190669612,14.697535190669612,725.3780828374136
904,118.99698399685197,117.39698399685197,119.39698399685197,2.0,none,False,0,6,6,6,14.697535190669612,14.697535190669612,14.697535190669612,728.6794391717815
905,118.73070754106281,117.13070754106282,119.13070754106282,2.0,none,False,0,6,6,6,14.697535190669612,14.697535190669612,14.697535190669612,727.0817804370465
906,117.81392858560328,116.21392858560328,118.21392858560328,2.0,none,False,0,6,6,6,14.697535190669612,14.697535190669612,14.697535190669612,721.5811067042894
907,117.90663513504721,116.30663513504722,118.30663513504722,2.0,none,False,0,6,6,6,14.697535190669612,14.697535190669612,14.697535190669612,722.1373460009529
908,117.1114680128022,115.51146801280221,117.51146801280221,2.0,none,False,0,6,6,6,14.697535190669612,14.697535190669612,14.697535190669612,717.3663432674828
909,117.61415900228955,116.01415900228956,118.01415900228956,2.0,sell,True,1,6,7,7,14.697535190669612,-101.31662381161995,-101.31662381161995,721.982489204407
910,117.51362368795039,115.81362368795038,117.81362368795038,2.0,sell,True,1,7,8,8,-101.31662381161995,-217.13024749957032,-217.13024749957032,722.9787420040327
911,117.39176349471705,115.59176349471706,117.59176349471706,2.0,none,False,0,8,8,8,-217.13024749957032,-217.13024749957032,-217.13024749957032,722.0038604581662
912,117.9430267944786,116.1430267944786,118.1430267944786,2.0,sell,True,1,8,9,9,-217.13024749957032,-333.2732742940489,-333.2732742940489,728.2139668562586
913,118.11887458843222,116.21887458843221,118.21887458843221,2.0,sell,True,1,9,10,10,-333.2732742940489,-449.49214888248116,-449.49214888248116,731.6965970018409
914,118.3844158502865,116.3844158502865,118.3844158502865,2.0,buy,True,1,10,9,9,-449.49214888248116,-331.1077330321947,-331.1077330321947,734.3520096203839
915,117.79765516266005,115.89765516266004,117.89765516266004,2.0,buy,True,1,9,8,8,-331.1077330321947,-213.21007786953464,-213.21007786953464,729.1711634317458
916,117.49928612056571,115.69928612056572,117.69928612056572,2.0,sell,True,1,8,9,9,-213.21007786953464,-328.90936399010036,-328.90936399010036,728.584211094991
917,117.14659335227508,115.24659335227507,117.24659335227507,2.0,none,False,0,9,9,9,-328.90936399010036,-328.90936399010036,-328.90936399010036,725.4099761803753
918,116.72525983920497,114.82525983920496,116.82525983920496,2.0,sell,True,1,9,10,10,-328.90936399010036,-443.7346238293053,-443.7346238293053,723.5179745627443
919,117.69623644372855,115.69623644372855,117.69623644372855,2.0,buy,True,1,10,9,9,-443.7346238293053,-326.03838738557675,-326.03838738557675,733.2277406079802
920,118.62178043371614,116.72178043371613,118.72178043371613,2.0,none,False,0,9,9,9,-326.03838738557675,-326.03838738557675,-326.03838738557675,741.5576365178686
921,119.4593178573758,117.55931785737579,119.55931785737579,2.0,none,False,0,9,9,9,-326.03838738557675,-326.03838738557675,-326.03838738557675,749.0954733308054
922,120.19341303824335,118.29341303824334,120.29341303824334,2.0,sell,True,1,9,10,10,-326.03838738557675,-444.3318004238201,-444.3318004238201,757.6023299586134
923,119.69276752211962,117.69276752211962,119.69276752211962,2.0,none,False,0,10,10,10,-444.3318004238201,-444.3318004238201,-444.3318004238201,752.5958747973762
924,120.34973112751689,118.34973112751689,120.34973112751689,2.0,none,False,0,10,10,10,-444.3318004238201,-444.3318004238201,-444.3318004238201,759.1655108513487
925,120.70220023491679,118.70220023491679,120.70220023491679,2.0,sell,True,1,10,11,11,-444.3318004238201,-563.0340006587369,-563.0340006587369,764.6902019253478
926,120.23963453909175,118.13963453909176,120.13963453909176,2.0,buy,True,1,11,10,10,-563.0340006587369,-442.89436611964516,-442.89436611964516,759.5019792712724
927,120.50689006579235,118.50689006579235,120.50689006579235,2.0,none,False,0,10,10,10,-442.89436611964516,-442.89436611964516,-442.89436611964516,762.1745345382783
928,119.69307963387759,117.69307963387759,119.69307963387759,2.0,buy,True,1,10,9,9,-442.89436611964516,-323.2012864857676,-323.2012864857676,754.0364302191307
929,120.56575186205474,118.66575186205473,120.66575186205473,2.0,sell,True,1,9,10,10,-323.2012864857676,-441.8670383478223,-441.8670383478223,763.7904802727251
930,120.2203304223766,118.2203304223766,120.2203304223766,2.0,sell,True,1,10,11,11,-441.8670383478223,-560.087368770199,-560.087368770199,762.3362658759436
931,120.68577847545558,118.58577847545558,120.58577847545558,2.0,none,False,0,11,11,11,-560.087368770199,-560.087368770199,-560.087368770199,767.4561944598124
932,120.60267698881502,118.50267698881503,120.50267698881503,2.0,buy,True,1,11,10,10,-560.087368770199,-439.5846917813839,-439.5846917813839,766.4420781067663
933,119.72933836093537,117.72933836093537,119.72933836093537,2.0,buy,True,1,10,9,9,-439.5846917813839,-319.8553534204485,-319.8553534204485,757.7086918279698
934,119.58862456230584,117.68862456230583,119.68862456230583,2.0,buy,True,1,9,8,8,-319.8553534204485,-200.16672885814268,-200.16672885814268,756.5422676403041
935,120.24531179640346,118.44531179640346,120.44531179640346,2.0,sell,True,1,8,9,9,-200.16672885814268,-318.61204065454615,-318.61204065454615,763.595765513085
936,120.37759601823774,118.47759601823773,120.47759601823773,2.0,buy,True,1,9,8,8,-318.61204065454615,-198.13444463630842,-198.13444463630842,764.8863235095935
937,120.74269987042415,118.94269987042415,120.94269987042415,2.0,buy,True,1,8,7,7,-198.13444463630842,-77.19174476588427,-77.19174476588427,768.0071543270847
938,121.31047939410529,119.61047939410528,121.61047939410528,2.0,buy,True,1,7,6,6,-77.19174476588427,44.41873462822102,44.41873462822102,772.2816109928527
939,122.02578259396252,120.42578259396252,122.42578259396252,2.0,buy,True,1,6,5,5,44.41873462822102,166.84451722218353,166.84451722218353,776.9734301919962
940,122.94184613257046,121.44184613257046,123.44184613257046,2.0,sell,True,1,5,6,6,166.84451722218353,45.402671089613065,45.402671089613065,783.0537478850358
941,122.20567230733849,120.6056723073385,122.6056723073385,2.0,buy,True,1,6,5,5,45.402671089613065,168.00834339695155,168.00834339695155,779.036704933644
942,123.07112343279034,121.57112343279034,123.57112343279034,2.0,sell,True,1,5,6,6,168.00834339695155,46.4372199641612,46.4372199641612,784.8639605609033
943,122.57190198988856,120.97190198988856,122.97190198988856,2.0,sell,True,1,6,7,7,46.4372199641612,-74.53468202572736,-74.53468202572736,783.4686319034925
944,121.90295214820725,120.20295214820725,122.20295214820725,2.0,buy,True,1,7,6,6,-74.53468202572736,47.66827012247988,47.66827012247988,779.0859830117233
945,122.30183489125639,120.7018348912564,122.7018348912564,2.0,sell,True,1,6,7,7,47.66827012247988,-73.03356476877651,-73.03356476877651,783.0792794700183
946,122.70923097078447,121.00923097078447,123.00923097078447,2.0,buy,True,1,7,6,6,-73.03356476877651,49.97566620200796,49.97566620200796,786.2310520267148
947,121.97463055486445,120.37463055486445,122.37463055486445,2.0,sell,True,1,6,7,7,49.97566620200796,-70.3989643528565,-70.3989643528565,783.4234495311946
948,120.99320445008136,119.29320445008136,121.29320445008136,2.0,sell,True,1,7,8,8,-70.3989643528565,-189.69216880293786,-189.69216880293786,778.253466797713
949,121.9695142690099,120.16951426900991,122.16951426900991,2.0,buy,True,1,8,7,7,-189.69216880293786,-67.52265453392795,-67.52265453392795,786.2639453491414
950,121.11117087981093,119.41117087981092,121.41117087981092,2.0,sell,True,1,7,8,8,-67.52265453392795,-186.93382541373887,-186.93382541373887,781.9555416247485
951,120.31602522070995,118.51602522070995,120.51602522070995,2.0,sell,True,1,8,9,9,-186.93382541373887,-305.4498506344488,-305.4498506344488,777.3943763519407
952,119.59028381019704,117.69028381019703,119.69028381019703,2.0,none,False,0,9,9,9,-305.4498506344488,-305.4498506344488,-305.4498506344488,770.8627036573245
953,120.09659941217917,118.19659941217917,120.19659941217917,2.0,sell,True,1,9,10,10,-305.4498506344488,-423.646450046628,-423.646450046628,777.3195440751638
954,119.38230554584896,117.38230554584896,119.38230554584896,2.0,buy,True,1,10,9,9,-423.646450046628,-304.264144500779,-304.264144500779,770.1766054118617
955,119.68234597216458,117.78234597216458,119.78234597216458,2.0,sell,True,1,9,10,10,-304.264144500779,-422.0464904729436,-422.0464904729436,774.7769692487022
956,119.93850604884639,117.93850604884639,119.93850604884639,2.0,buy,True,1,10,9,9,-422.0464904729436,-302.10798442409725,-302.10798442409725,777.3385700155203
957,120.31163838859787,118.41163838859786,120.41163838859786,2.0,none,False,0,9,9,9,-302.10798442409725,-302.10798442409725,-302.10798442409725,780.6967610732835
958,119.48501445552985,117.58501445552984,119.58501445552984,2.0,sell,True,1,9,10,10,-302.10798442409725,-419.6929988796271,-419.6929988796271,775.1571456756715
959,119.66416229105288,117.66416229105288,119.66416229105288,2.0,sell,True,1,10,11,11,-419.6929988796271,-537.35716117068,-537.35716117068,778.9486240309016
960,119.29316962741721,117.19316962741722,119.19316962741722,2.0,buy,True,1,11,10,10,-537.35716117068,-418.1639915432628,-418.1639915432628,774.7677047309093
961,118.46166705941319,116.46166705941319,118.46166705941319,2.0,sell,True,1,10,11,11,-418.1639915432628,-534.625658602676,-534.625658602676,768.452679050869
962,118.67685325724423,116.57685325724424,118.57685325724424,2.0,none,False,0,11,11,11,-534.625658602676,-534.625658602676,-534.625658602676,770.8197272270105
963,119.05780540727353,116.95780540727354,118.95780540727354,2.0,none,False,0,11,11,11,-534.625658602676,-534.625658602676,-534.625658602676,775.0102008773327
964,119.37461614744382,117.27461614744382,119.27461614744382,2.0,sell,True,1,11,12,12,-534.625658602676,-651.9002747501198,-651.9002747501198,780.595119019206
965,119.39366127967324,117.19366127967324,119.19366127967324,2.0,none,False,0,12,12,12,-651.9002747501198,-651.9002747501198,-651.9002747501198,780.8236606059592
966,118.98474538215737,116.78474538215737,118.78474538215737,2.0,sell,True,1,12,13,13,-651.9002747501198,-768.6850201322771,-768.6850201322771,778.1166698357687
967,119.89408840485167,117.59408840485168,119.59408840485168,2.0,buy,True,1,13,12,12,-768.6850201322771,-649.0909317274254,-649.0909317274254,789.6381291307946
968,119.89325348739699,117.69325348739699,119.69325348739699,2.0,sell,True,1,12,13,13,-649.0909317274254,-766.7841852148224,-766.7841852148224,791.8281101213386
969,120.84864738308366,118.54864738308366,120.54864738308366,2.0,none,False,0,13,13,13,-766.7841852148224,-766.7841852148224,-766.7841852148224,804.2482307652651
970,121.7164961864321,119.4164961864321,121.4164961864321,2.0,sell,True,1,13,14,14,-766.7841852148224,-886.2006814012545,-886.2006814012545,817.8302652087948
971,121.85325696397801,119.453256963978,121.453256963978,2.0,sell,True,1,14,15,15,-886.2006814012545,-1005.6539383652325,-1005.6539383652325,822.1449160944376
972,122.37870883976919,119.87870883976919,121.87870883976919,2.0,none,False,0,15,15,15,-1005.6539383652325,-1005.6539383652325,-1005.6539383652325,830.0266942313053
973,122.91944293821841,120.41944293821841,122.41944293821841,2.0,buy,True,1,15,14,14,-1005.6539383652325,-883.2344954270142,-883.2344954270142,837.6377057080437
974,122.44381349254255,120.04381349254254,122.04381349254254,2.0,buy,True,1,14,13,13,-883.2344954270142,-761.1906819344716,-761.1906819344716,830.5788934685814
975,123.02239349052873,120.72239349052873,122.72239349052873,2.0,sell,True,1,13,14,14,-761.1906819344716,-881.9130754250003,-881.9130754250003,840.4004334424018
976,123.02449142154288,120.62449142154287,122.62449142154287,2.0,sell,True,1,14,15,15,-881.9130754250003,-1002.5375668465432,-1002.5375668465432,842.8298044765999
977,122.18934704539217,119.68934704539217,121.68934704539217,2.0,sell,True,1,15,16,16,-1002.5375668465432,-1122.2269138919353,-1122.2269138919353,832.8026388343394
978,121.74428251686129,119.1442825168613,121.1442825168613,2.0,sell,True,1,16,17,17,-1122.2269138919353,-1241.3711964087965,-1241.3711964087965,828.2816063778455
979,121.15067750477695,118.45067750477695,120.45067750477695,2.0,none,False,0,17,17,17,-1241.3711964087965,-1241.3711964087965,-1241.3711964087965,818.1903211724116
980,121.22345785055587,118.52345785055587,120.52345785055587,2.0,sell,True,1,17,18,18,-1241.3711964087965,-1359.8946542593524,-1359.8946542593524,822.1275870506536
981,121.89251078892538,119.09251078892538,121.09251078892538,2.0,buy,True,1,18,17,17,-1359.8946542593524,-1238.802143470427,-1238.802143470427,833.3705399413043
982,122.28986255213636,119.58986255213635,121.58986255213635,2.0,none,False,0,17,17,17,-1238.802143470427,-1238.802143470427,-1238.802143470427,840.1255199158913
983,122.9827987824179,120.2827987824179,122.2827987824179,2.0,buy,True,1,17,16,16,-1238.802143470427,-1116.519344688009,-1116.519344688009,851.2054358306775
984,122.85176595962994,120.25176595962995,122.25176595962995,2.0,sell,True,1,16,17,17,-1116.519344688009,-1236.7711106476388,-1236.7711106476388,851.7089106660703
985,122.470346087377,119.77034608737699,121.77034608737699,2.0,none,False,0,17,17,17,-1236.7711106476388,-1236.7711106476388,-1236.7711106476388,845.2247728377699
986,122.95166244784535,120.25166244784535,122.25166244784535,2.0,sell,True,1,17,18,18,-1236.7711106476388,-1357.0227730954841,-1357.0227730954841,856.107150965732
987,123.35466167029308,120.55466167029309,122.55466167029309,2.0,sell,True,1,18,19,19,-1357.0227730954841,-1477.5774347657773,-1477.5774347657773,866.1611369697914
988,123.4006723957499,120.50067239574989,122.50067239574989,2.0,none,False,0,19,19,19,-1477.5774347657773,-1477.5774347657773,-1477.5774347657773,867.0353407534706
989,123.84220343193681,120.9422034319368,122.9422034319368,2.0,buy,True,1,19,18,18,-1477.5774347657773,-1354.6352313338405,-1354.6352313338405,874.5244304410223
990,124.40445139181078,121.60445139181078,123.60445139181078,2.0,sell,True,1,18,19,19,-1354.6352313338405,-1476.2396827256512,-1476.2396827256512,887.4448937187535
991,124.94731197279003,122.04731197279003,124.04731197279003,2.0,sell,True,1,19,20,20,-1476.2396827256512,-1598.2869946984413,-1598.2869946984413,900.6592447573591
992,124.49127316283274,121.49127316283274,123.49127316283274,2.0,sell,False,0,20,20,20,-1598.2869946984413,-1598.2869946984413,-1598.2869946984413,891.5384685582137
993,124.64457651226111,121.64457651226111,123.64457651226111,2.0,buy,True,1,20,19,19,-1598.2869946984413,-1474.64241818618,-1474.64241818618,893.6045355467811
994,124.36482430330462,121.46482430330461,123.46482430330461,2.0,sell,True,1,19,20,20,-1474.64241818618,-1596.1072424894846,-1596.1072424894846,891.1892435766076
995,124.10019985901823,121.10019985901823,123.10019985901823,2.0,buy,True,1,20,19,19,-1596.1072424894846,-1473.0070426304665,-1473.0070426304665,884.8967546908798
996,124.24802446940234,121.34802446940233,123.34802446940233,2.0,none,False,0,19,19,19,-1473.0070426304665,-1473.0070426304665,-1473.0070426304665,887.7054222881779
997,123.70483331570884,120.80483331570883,122.80483331570883,2.0,buy,True,1,19,18,18,-1473.0070426304665,-1350.2022093147575,-1350.2022093147575,876.4847903680015
998,124.43069030551406,121.63069030551407,123.63069030551407,2.0,buy,True,1,18,17,17,-1350.2022093147575,-1226.5715190092435,-1226.5715190092435,888.7502161844957
999,124.19664925424885,121.49664925424885,123.49664925424885,2.0,sell,True,1,17,18,18,-1226.5715190092435,-1348.0681682634925,-1348.0681682634925,887.4715183129867
1000,124.9116196497448,122.1116196497448,124.1116196497448,2.0,sell,True,1,18,19,19,-1348.0681682634925,-1470.1797879132373,-1470.1797879132373,903.1409854319136
